-5.63,-0.72,-8.57,-0.07,0.03,0.01,,-5.37,-0.7,-8.71,-0.05,0.02,0,,-5.95,-0.76,-8.29,-0.06,0.02,0.01,,-6.03,-0.76,-8.24,-0.06,0.02,0.01,,-5.79,-0.75,-8.49,-0.06,0.03,0.02
-5.64,-0.68,-8.58,-0.06,0.03,0.01,,-5.54,-0.68,-8.71,-0.07,0.02,0.02,,-5.94,-0.75,-8.32,-0.07,0.02,0.01,,-5.99,-0.76,-8.28,-0.07,0.03,0.01,,-6.1,-0.78,-8.42,-0.06,0.06,0
-5.63,-0.68,-8.56,-0.06,0.04,0.01,,-5.44,-0.74,-8.74,-0.07,0,0.01,,-5.99,-0.73,-8.27,-0.07,0.02,0.01,,-6,-0.76,-8.25,-0.06,0.02,0.01,,-5.85,-0.74,-8.26,-0.07,0.04,0.01
-5.65,-0.71,-8.56,-0.06,0.05,0.01,,-5.45,-0.7,-8.68,-0.06,0.04,0.02,,-5.96,-0.76,-8.35,-0.07,0.02,0.01,,-6.01,-0.75,-8.29,-0.06,0.03,0.01,,-5.93,-0.76,-8.37,-0.06,-0.02,0.01
-5.65,-0.69,-8.56,-0.07,0.07,0.01,,-5.52,-0.72,-8.67,-0.06,0.03,0.01,,-5.94,-0.74,-8.3,-0.06,0,0.01,,-5.99,-0.73,-8.27,-0.07,0.02,0.01,,-5.82,-0.72,-8.37,-0.06,0.01,0
-5.66,-0.71,-8.57,-0.07,0.07,0.01,,-5.43,-0.67,-8.76,-0.06,0.01,0.01,,-5.96,-0.71,-8.34,-0.06,0.03,0.01,,-6.05,-0.75,-8.29,-0.07,0.03,0.01,,-5.91,-0.75,-8.38,-0.08,0.03,0.01
-5.67,-0.7,-8.52,-0.07,0.07,0.01,,-5.43,-0.72,-8.74,-0.07,0.05,0,,-5.92,-0.73,-8.3,-0.07,0,0.01,,-5.97,-0.76,-8.26,-0.07,0.02,0.01,,-5.9,-0.78,-8.29,-0.07,0.05,0
-5.68,-0.72,-8.54,-0.07,0.07,0.01,,-5.47,-0.71,-8.66,-0.06,0.05,0,,-5.98,-0.74,-8.32,-0.07,0.03,0.01,,-6,-0.74,-8.28,-0.06,0.03,0.01,,-5.96,-0.77,-8.33,-0.06,0.03,0.01
-5.66,-0.72,-8.53,-0.07,0.06,0,,-5.42,-0.7,-8.72,-0.07,0.05,0,,-5.93,-0.75,-8.32,-0.06,0.01,0.01,,-6.01,-0.73,-8.27,-0.07,0.03,0.01,,-5.87,-0.73,-8.33,-0.06,0.02,0.01
-5.7,-0.72,-8.53,-0.06,0.06,0,,-5.47,-0.72,-8.71,-0.07,0.08,0,,-5.94,-0.73,-8.32,-0.07,0.02,0.01,,-6.02,-0.77,-8.24,-0.07,0.02,0.01,,-5.91,-0.74,-8.37,-0.07,0.03,0.01
-5.71,-0.72,-8.52,-0.07,0.07,0,,-5.52,-0.67,-8.64,-0.07,0.06,0,,-5.93,-0.75,-8.35,-0.07,0.03,0.01,,-6.01,-0.76,-8.28,-0.06,0.03,0.01,,-5.9,-0.76,-8.36,-0.07,0.01,0.01
-5.7,-0.7,-8.52,-0.07,0.05,0,,-6.08,-0.99,-11.55,-0.08,0.01,-0.03,,-5.95,-0.75,-8.28,-0.07,0.02,0.01,,-6,-0.75,-8.25,-0.06,0.03,0.01,,-5.91,-0.74,-8.37,-0.07,0.02,0.01
-5.7,-0.71,-8.49,-0.07,0.05,0,,-0.13,-0.46,-10.98,0.18,1,0.31,,-5.92,-0.74,-8.33,-0.06,0.02,0.01,,-6.01,-0.75,-8.24,-0.07,0.03,0.01,,-5.87,-0.77,-8.34,-0.07,0.03,0.01
-5.68,-0.7,-8.52,-0.07,0.04,0,,-5.51,-0.74,-8.95,0.05,3.15,0.2,,-5.94,-0.71,-8.35,-0.07,0.04,0.01,,-6,-0.78,-8.31,-0.07,0.03,0.01,,-5.91,-0.76,-8.34,-0.06,0.04,0.01
-5.73,-0.73,-8.48,-0.07,0.02,0,,-8.6,-0.82,-5.6,-0.03,1.77,0.06,,-5.97,-0.75,-8.29,-0.07,0.03,0.01,,-6.01,-0.76,-8.26,-0.06,0.04,0.01,,-5.87,-0.76,-8.35,-0.06,0.04,0.01
-5.69,-0.73,-8.52,-0.07,0.02,0.01,,-8.21,-0.83,-6.78,-0.1,-0.66,-0.04,,-5.93,-0.74,-8.33,-0.07,0.03,0.01,,-6,-0.73,-8.27,-0.06,0.03,0.01,,-5.9,-0.77,-8.35,-0.06,0.03,0.01
-5.65,-0.72,-8.48,-0.07,-0.01,0.01,,-4.13,-0.27,-9.07,-0.07,-1.94,-0.16,,-5.93,-0.73,-8.32,-0.06,0.04,0.01,,-5.97,-0.76,-8.3,-0.07,0.03,0.01,,-5.92,-0.76,-8.39,-0.06,0.03,0.01
-5.71,-0.69,-8.5,-0.05,0.01,0.02,,-3.44,-0.22,-11.53,-0.32,-1.05,-0.12,,-5.97,-0.73,-8.33,-0.07,0.04,0.01,,-6.02,-0.76,-8.28,-0.07,0.03,0.01,,-5.88,-0.75,-8.36,-0.07,0.02,0.01
-5.64,-0.7,-8.52,-0.07,-0.01,0.02,,-2.39,-0.91,-11.25,-0.27,0.09,-0.09,,-5.93,-0.74,-8.27,-0.07,0.03,0.01,,-5.98,-0.76,-8.24,-0.06,0.02,0.01,,-5.99,-0.73,-8.34,-0.07,0.02,0
-5.71,-0.71,-8.53,-0.06,-0.01,0.02,,-4.68,-1.24,-9.5,-0.07,1.81,0.06,,-5.96,-0.75,-8.31,-0.06,0.04,0.01,,-6.01,-0.74,-8.31,-0.06,0.03,0.01,,-5.88,-0.74,-8.32,-0.07,0.03,0.01
-5.64,-0.71,-8.51,-0.06,-0.01,0.02,,-7.04,-1.36,-6.95,0.22,1.37,0.14,,-5.96,-0.73,-8.32,-0.06,0.04,0.01,,-6.01,-0.74,-8.28,-0.07,0.03,0.01,,-5.92,-0.76,-8.37,-0.07,0.02,0.01
-5.68,-0.72,-8.56,-0.06,-0.02,0.02,,-7.08,-0.71,-6.86,0.26,0.11,0.08,,-5.97,-0.72,-8.26,-0.07,0.03,0.01,,-6.02,-0.75,-8.22,-0.07,0.02,0.01,,-5.87,-0.75,-8.35,-0.06,0.03,0.01
-5.64,-0.72,-8.55,-0.07,-0.01,0.01,,-5.23,-0.24,-8.45,0.06,-0.75,-0.04,,-5.98,-0.74,-8.29,-0.07,0.03,0.01,,-6.34,-0.89,-9.71,-0.06,0,0,,-5.93,-0.73,-8.33,-0.07,0.03,0.01
-5.67,-0.72,-8.58,-0.06,-0.01,0.01,,-4.5,0.17,-10.3,-0.24,-0.62,-0.08,,-5.97,-0.74,-8.31,-0.06,0.03,0.01,,-3.58,-0.61,-8.6,-0.01,0.63,0.18,,-5.88,-0.76,-8.34,-0.07,0.03,0.01
-5.6,-0.72,-8.57,-0.06,-0.01,0.01,,-3.51,-0.17,-10.6,-0.53,-0.09,-0.02,,-5.96,-0.74,-8.31,-0.06,0.03,0.01,,-8.05,-1.02,-7.47,-0.09,1.16,-0.01,,-5.91,-0.76,-8.32,-0.06,0.03,0.01
-5.64,-0.68,-8.55,-0.06,0.01,0.01,,-4.32,-1.08,-9.39,-0.51,0.88,-0.06,,-5.95,-0.72,-8.31,-0.07,0.03,0.01,,-7.07,-0.65,-6.93,-0.04,-0.53,-0.04,,-5.9,-0.75,-8.35,-0.06,0.02,0.01
-5.66,-0.69,-8.58,-0.07,0.02,0,,-6.56,-1.67,-7.69,-0.15,0.73,0.02,,-5.99,-0.75,-8.26,-0.07,0.02,0.01,,-7.08,-0.84,-9.1,-0.03,-1.44,-0.09,,-5.89,-0.75,-8.36,-0.07,0.02,0.01
-5.64,-0.7,-8.56,-0.07,0.01,0.01,,-6.66,-1.57,-7.28,0.31,-0.33,0.12,,-6.06,-0.84,-8.88,-0.08,0.01,0.01,,-2.89,-0.23,-8.91,-0.07,-0.6,-0.01,,-5.88,-0.76,-8.37,-0.07,0.03,0.01
-5.62,-0.72,-8.56,-0.07,0.03,0.01,,-5.37,-0.69,-8.33,0.49,-0.87,0.17,,-2.76,-0.58,-9.82,0.03,0.13,0.18,,-5.84,-0.77,-9.3,-0.32,0.76,-0.03,,-5.9,-0.74,-8.35,-0.07,0.03,0.01
-5.67,-0.69,-8.6,-0.07,0.04,0.01,,-4.56,-0.09,-9.76,0.32,-0.7,0.08,,-6.46,-0.95,-7.57,-0.08,2.07,0.08,,-6.21,-1.13,-7.88,-0.11,0.46,0.03,,-5.89,-0.74,-8.34,-0.07,0.02,0.01
-5.64,-0.69,-8.54,-0.07,0.04,0.01,,-4,0.25,-10.29,-0.04,-0.26,0.08,,-9.42,-0.84,-6.21,-0.1,0.09,-0.11,,-6.66,-1.18,-7.6,0.04,0.47,0.11,,-5.9,-0.75,-8.38,-0.06,0.03,0.01
-5.64,-0.7,-8.58,-0.07,0.05,0.01,,-4.32,-0.24,-9.56,-0.44,0.43,0.01,,-8.4,-0.89,-8.35,-0.04,-1.82,-0.11,,-6.75,-0.84,-7.46,0.15,0.15,0,,-5.91,-0.75,-8.36,-0.06,0.02,0.01
-5.65,-0.72,-8.58,-0.06,0.06,0.01,,-5.69,-1,-8.31,-0.52,0.55,-0.11,,-2.62,-0.14,-9.77,0.05,-2.02,0,,-6.68,-0.34,-8.56,0.06,-0.45,0,,-5.89,-0.76,-8.35,-0.07,0.02,0.01
-5.66,-0.72,-8.56,-0.07,0.06,0.01,,-6.13,-1.45,-7.79,-0.32,-0.04,-0.11,,-3.4,-0.3,-10.17,-0.38,0.48,-0.06,,-4.82,-0.3,-8.85,-0.13,-0.53,0.06,,-5.9,-0.75,-8.34,-0.07,0.03,0.01
-5.67,-0.71,-8.53,-0.07,0.07,0.01,,-5.46,-1.39,-8.5,0.04,-0.61,-0.06,,-5.93,-1.18,-8.75,-0.32,1.09,-0.05,,-5.25,-0.56,-8.77,-0.27,0.13,-0.03,,-5.91,-0.75,-8.32,-0.07,0.03,0.01
-5.67,-0.72,-8.57,-0.07,0.06,0.01,,-4.62,-0.84,-9.61,0.26,-0.69,-0.01,,-7.17,-1.52,-7.23,-0.01,1.05,0.13,,-6.3,-0.96,-8.11,-0.24,0.31,-0.03,,-5.87,-0.73,-8.34,-0.07,0.02,0.01
-5.67,-0.7,-8.53,-0.07,0.06,0.01,,-4.05,-0.32,-10.07,0.26,-0.31,0.07,,-7.45,-1.22,-6.72,0.29,0.36,0.12,,-6.66,-1.23,-7.8,-0.07,0.04,0,,-5.91,-0.74,-8.36,-0.07,0.03,0.01
-5.71,-0.7,-8.49,-0.07,0.06,0,,-4.35,-0.08,-9.64,0.05,0.22,0.08,,-7.21,-0.31,-7.87,0.26,-0.51,0.02,,-6.07,-1.06,-7.91,0.1,0.01,0.03,,-5.9,-0.74,-8.36,-0.07,0.03,0.01
-5.68,-0.7,-8.54,-0.07,0.05,0,,-5.21,-0.32,-8.8,-0.2,0.45,0.01,,-5.18,-0.03,-9.3,-0.02,-1.09,0.02,,-6.13,-0.7,-8.46,0.15,-0.09,0.03,,-5.91,-0.75,-8.35,-0.07,0.02,0.01
-5.7,-0.73,-8.52,-0.07,0.05,0,,-5.62,-0.72,-8.31,-0.31,0.21,-0.06,,-3.9,-0.07,-9.5,-0.33,-0.16,-0.01,,-5.49,-0.33,-8.74,0.04,-0.06,0.06,,-5.89,-0.74,-8.33,-0.06,0.03,0.01
-6.2,-0.93,-11.52,0.02,-0.16,-0.06,,-5.4,-0.99,-8.58,-0.26,-0.14,-0.03,,-5.77,-0.8,-8.71,-0.47,0.61,-0.05,,-5.57,-0.31,-8.52,-0.18,0.14,0.04,,-5.89,-0.73,-8.34,-0.07,0.02,0.01
-0.61,-0.42,-10.26,0.14,1.48,0.35,,-4.67,-1.05,-9.34,-0.11,-0.24,-0.01,,-6.92,-1.42,-7.52,-0.25,0.35,-0.05,,-6.31,-0.71,-8.1,-0.28,0.22,-0.05,,-5.88,-0.74,-8.33,-0.07,0.03,0.01
-6.44,-0.79,-8.13,0.01,3.26,0.2,,-4.36,-0.84,-9.77,0.05,0.04,0.12,,-6.71,-1.52,-7.36,0.05,0,0.02,,-6.55,-1.03,-7.9,-0.19,-0.06,-0.04,,-5.9,-0.75,-8.36,-0.07,0.03,0.01
-8.88,-0.83,-5.29,0,1.4,0.06,,-4.6,-0.7,-9.47,0.11,0.34,0.14,,-6.49,-1.06,-8.1,0.33,-0.33,0.05,,-6.06,-1.09,-8.11,-0.05,-0.19,-0.03,,-5.92,-0.73,-8.37,-0.07,0.03,0.01
-8.17,-0.83,-7.3,0,-1.21,-0.03,,-5.12,-0.56,-8.8,0.09,0.46,0.11,,-5.4,-0.29,-8.9,0.28,-0.41,0.05,,-5.7,-0.91,-8.45,0.03,-0.08,-0.01,,-5.91,-0.77,-8.38,-0.07,0.03,0.01
-3.69,-0.09,-9.35,-0.11,-1.97,-0.19,,-5.54,-0.55,-8.43,-0.02,0.3,0.01,,-4.69,0.06,-9.14,-0.02,0.08,0.09,,-5.69,-0.69,-8.63,0.05,0.09,0.06,,-5.93,-0.72,-8.36,-0.07,0.03,0.01
-3.75,-0.25,-11.48,-0.43,-0.86,-0.15,,-5.41,-0.64,-8.6,-0.13,0.04,-0.08,,-5.77,-0.26,-8.57,-0.36,0.55,0,,-5.8,-0.52,-8.45,0.01,0.2,0.08,,-5.91,-0.75,-8.33,-0.07,0.02,0.01
-2.47,-1.07,-10.75,-0.37,0.34,-0.12,,-4.97,-0.73,-9.08,-0.22,-0.05,-0.1,,-6.81,-0.94,-7.83,-0.4,0.29,-0.06,,-6.17,-0.52,-8.05,-0.08,0.23,0.03,,-5.87,-0.75,-8.37,-0.07,0.03,0.01
-5.33,-1.5,-8.96,-0.06,1.83,0.04,,-4.69,-0.8,-9.4,-0.21,0.1,-0.08,,-6.64,-1.25,-7.55,-0.22,-0.19,-0.07,,-6.45,-0.68,-7.93,-0.14,0.05,-0.02,,-5.91,-0.74,-8.35,-0.07,0.03,0.01
-7.41,-1.37,-6.67,0.38,1.3,0.22,,-4.85,-0.81,-9.24,-0.15,0.31,-0.01,,-6.04,-1.25,-8.16,0,-0.38,-0.04,,-6.18,-0.86,-8.17,-0.14,-0.17,-0.03,,-5.93,-0.74,-8.34,-0.07,0.03,0.01
-7.25,-0.55,-6.93,0.41,-0.01,0.18,,-5.27,-0.84,-8.77,-0.06,0.39,0,,-5.45,-0.91,-8.88,0.14,-0.27,-0.01,,-5.71,-0.88,-8.47,-0.09,-0.13,-0.02,,-5.91,-0.75,-8.34,-0.07,0.03,0.01
-5.26,0.04,-8.63,0.09,-0.78,0.03,,-5.53,-0.77,-8.41,0,0.23,-0.02,,-5.15,-0.52,-8.93,0.13,0.17,0.09,,-5.68,-0.85,-8.54,-0.06,0.06,0.02,,-5.91,-0.76,-8.35,-0.07,0.03,0.01
-4.52,0.26,-10.26,-0.38,-0.62,-0.12,,-5.44,-0.67,-8.53,0.01,-0.01,-0.04,,-5.78,-0.34,-8.38,0,0.49,0.09,,-5.91,-0.81,-8.32,-0.04,0.17,0.04,,-5.89,-0.76,-8.37,-0.07,0.02,0.01
-3.77,-0.36,-10.26,-0.72,-0.09,-0.12,,-5.15,-0.58,-8.93,-0.04,-0.16,-0.03,,-6.6,-0.47,-7.86,-0.14,0.36,0.01,,-6.14,-0.76,-8.09,-0.01,0.19,0.02,,-5.9,-0.74,-8.36,-0.06,0.03,0.01
-4.58,-1.36,-9.06,-0.59,0.86,-0.11,,-4.95,-0.57,-9.19,-0.11,-0.14,0,,-6.59,-0.73,-7.85,-0.21,-0.06,-0.03,,-6.29,-0.68,-8.04,-0.02,0.09,0,,-5.9,-0.74,-8.34,-0.07,0.03,0.01
-6.81,-1.98,-7.57,-0.04,0.66,0.05,,-4.95,-0.68,-9.08,-0.14,-0.02,0.04,,-6.06,-0.9,-8.23,-0.17,-0.29,-0.05,,-6.19,-0.6,-8.2,-0.07,-0.05,-0.02,,-5.91,-0.75,-8.36,-0.07,0.02,0.01
-6.8,-1.54,-7.3,0.55,-0.3,0.21,,-5.1,-0.78,-8.78,-0.1,0.08,0.05,,-5.47,-0.91,-8.67,-0.11,-0.21,-0.03,,-5.87,-0.66,-8.37,-0.13,-0.1,-0.02,,-5.88,-0.75,-8.33,-0.07,0.03,0.01
-5.39,-0.37,-8.37,0.65,-0.79,0.26,,-5.33,-0.81,-8.64,-0.04,0.05,0.06,,-5.42,-0.9,-8.73,-0.05,0.08,0.04,,-5.78,-0.79,-8.45,-0.14,-0.02,0,,-5.9,-0.76,-8.32,-0.07,0.03,0.01
-4.66,0.27,-9.74,0.26,-0.55,0.07,,-5.29,-0.75,-8.71,-0.01,-0.11,0.05,,-5.83,-0.85,-8.38,0,0.32,0.04,,-5.94,-0.85,-8.29,-0.1,0.07,0.02,,-5.91,-0.74,-8.33,-0.07,0.02,0.01
-4.34,0.31,-10.05,-0.32,-0.17,-0.03,,-5.09,-0.69,-8.98,0,-0.22,0.04,,-6.36,-0.73,-7.95,0.05,0.29,0.04,,-6.1,-0.88,-8.15,-0.04,0.09,0.03,,-5.87,-0.75,-8.34,-0.07,0.03,0.01
-4.61,-0.52,-9.22,-0.69,0.41,-0.15,,-4.91,-0.63,-9.15,-0.02,-0.23,0.05,,-6.41,-0.56,-7.93,0.01,0.05,0.01,,-6.12,-0.8,-8.14,-0.01,0.06,0.02,,-5.89,-0.77,-8.36,-0.07,0.03,0.01
-5.94,-1.32,-8.12,-0.58,0.49,-0.17,,-4.93,-0.61,-9.12,-0.06,-0.17,0.05,,-6.03,-0.48,-8.27,-0.09,-0.15,-0.03,,-6.08,-0.7,-8.24,0,0.01,0.01,,-5.91,-0.76,-8.34,-0.07,0.02,0.01
-6.27,-1.73,-7.81,-0.16,-0.08,-0.08,,-4.99,-0.7,-9,-0.08,-0.09,0.04,,-5.71,-0.59,-8.59,-0.18,-0.14,-0.03,,-5.96,-0.62,-8.34,-0.04,-0.03,0.01,,-5.88,-0.74,-8.36,-0.06,0.03,0.01
-5.58,-1.28,-8.53,0.3,-0.61,0.06,,-5.09,-0.75,-8.88,-0.07,-0.06,0.02,,-5.71,-0.79,-8.51,-0.19,0.01,0,,-5.93,-0.65,-8.32,-0.1,-0.02,0.01,,-5.89,-0.76,-8.35,-0.07,0.03,0.01
-4.64,-0.51,-9.51,0.42,-0.58,0.08,,-5.02,-0.75,-8.95,-0.05,-0.06,0,,-5.87,-0.96,-8.29,-0.13,0.12,0.01,,-6.01,-0.76,-8.23,-0.13,0,0.01,,-5.91,-0.75,-8.37,-0.07,0.03,0.01
-4.36,0.03,-9.89,0.22,-0.18,0.08,,-4.94,-0.72,-9.12,-0.06,-0.06,0,,-6.14,-0.96,-8.08,-0.02,0.13,0.03,,-6.08,-0.84,-8.19,-0.11,0.01,0,,-5.88,-0.75,-8.35,-0.07,0.03,0.01
-4.73,-0.01,-9.3,-0.16,0.24,0.01,,-4.89,-0.72,-9.19,-0.06,-0.03,0.01,,-6.22,-0.84,-8.14,0.06,0.03,0.03,,-6.02,-0.85,-8.22,-0.07,0.01,0,,-5.91,-0.76,-8.36,-0.07,0.03,0.01
-5.48,-0.51,-8.53,-0.39,0.37,-0.06,,-4.9,-0.68,-9.12,-0.05,0,0.01,,-5.98,-0.6,-8.32,0.06,-0.07,0.02,,-5.96,-0.82,-8.29,-0.03,0.03,0.01,,-5.91,-0.75,-8.36,-0.07,0.02,0.01
-5.8,-1.05,-8.23,-0.36,0.15,-0.07,,-4.96,-0.69,-9,-0.05,0.05,0,,-5.78,-0.5,-8.47,-0.03,-0.05,0.01,,-5.98,-0.74,-8.33,-0.03,0.04,0.02,,-5.89,-0.76,-8.37,-0.07,0.03,0.01
-5.54,-1.2,-8.62,-0.15,-0.19,0.01,,-5.03,-0.69,-8.96,-0.06,0.06,-0.02,,-5.84,-0.56,-8.48,-0.14,0,0,,-6,-0.69,-8.3,-0.04,0.02,0.02,,-5.89,-0.75,-8.37,-0.07,0.03,0.01
-4.79,-1.03,-9.25,0.07,-0.21,0.09,,-4.99,-0.71,-9.03,-0.08,0.08,-0.03,,-5.97,-0.76,-8.26,-0.18,0.02,0,,-6.03,-0.69,-8.25,-0.07,0.01,0.01,,-5.9,-0.75,-8.36,-0.07,0.03,0.01
-4.63,-0.69,-9.56,0.16,0.07,0.16,,-4.91,-0.72,-9.11,-0.09,0.12,-0.02,,-6.09,-0.91,-8.16,-0.14,0.01,0,,-6.03,-0.71,-8.23,-0.09,0,0,,-5.89,-0.75,-8.32,-0.07,0.03,0.01
-4.89,-0.52,-9.24,0.11,0.32,0.11,,-4.96,-0.7,-9.11,-0.09,0.16,-0.01,,-6,-0.92,-8.22,-0.05,-0.02,0,,-5.98,-0.77,-8.27,-0.09,0,-0.01,,-5.92,-0.75,-8.35,-0.07,0.03,0.01
-5.43,-0.5,-8.61,-0.02,0.38,0.04,,-5.02,-0.71,-9.01,-0.09,0.18,0,,-5.89,-0.8,-8.4,0.01,-0.01,0.02,,-5.89,-0.81,-8.35,-0.08,0.04,0,,-5.9,-0.75,-8.35,-0.07,0.02,0.01
-5.7,-0.65,-8.33,-0.14,0.2,-0.06,,-5.06,-0.71,-8.9,-0.07,0.18,0.01,,-5.8,-0.69,-8.47,0.01,0.03,0.03,,-5.96,-0.81,-8.32,-0.06,0.07,0.01,,-5.9,-0.76,-8.34,-0.07,0.03,0.01
-5.49,-0.77,-8.63,-0.2,0,-0.1,,-5.14,-0.71,-8.88,-0.05,0.15,0,,-5.9,-0.61,-8.37,-0.02,0.06,0.03,,-6.01,-0.78,-8.27,-0.05,0.07,0.02,,-5.9,-0.76,-8.35,-0.06,0.03,0.01
-5.08,-0.85,-9.05,-0.2,-0.03,-0.09,,-5.11,-0.7,-8.91,-0.06,0.12,0,,-6.04,-0.63,-8.2,-0.08,0.04,0.02,,-6.04,-0.74,-8.21,-0.05,0.05,0.01,,-5.9,-0.76,-8.34,-0.07,0.02,0.01
-4.84,-0.84,-9.25,-0.14,0.15,-0.05,,-5.06,-0.71,-8.98,-0.07,0.11,0.01,,-6.04,-0.69,-8.22,-0.11,-0.01,0,,-6.07,-0.71,-8.22,-0.05,0.02,0,,-5.9,-0.75,-8.34,-0.07,0.03,0.01
-5.11,-0.8,-8.92,-0.08,0.33,0,,-5.08,-0.69,-8.86,-0.08,0.13,0.01,,-5.94,-0.79,-8.32,-0.11,-0.02,-0.01,,-5.97,-0.73,-8.29,-0.07,0,0,,-5.93,-0.74,-8.34,-0.07,0.03,0.01
-5.58,-0.76,-8.53,-0.01,0.33,0.01,,-5.51,-0.73,-8.69,-0.1,0.13,0,,-5.84,-0.84,-8.41,-0.09,0.01,-0.01,,-5.93,-0.73,-8.34,-0.09,0.03,0.01,,-5.9,-0.75,-8.33,-0.07,0.02,0.01
-5.69,-0.68,-8.34,0.02,0.14,-0.01,,-5.1,-0.71,-8.79,-0.08,-0.11,0.01,,-5.85,-0.81,-8.41,-0.06,0.07,0.01,,-6,-0.76,-8.31,-0.09,0.06,0.01,,-5.91,-0.75,-8.37,-0.07,0.03,0.01
-5.52,-0.59,-8.56,-0.01,-0.05,-0.03,,-5.07,-0.71,-9.04,-0.06,-0.07,-0.01,,-5.9,-0.78,-8.32,-0.04,0.1,0.02,,-6.03,-0.81,-8.26,-0.07,0.06,0.02,,-5.89,-0.75,-8.38,-0.07,0.03,0.01
-5.25,-0.55,-8.9,-0.09,-0.13,-0.02,,-4.97,-0.71,-8.95,-0.06,0.05,-0.01,,-6.06,-0.71,-8.24,-0.03,0.08,0.02,,-6.05,-0.8,-8.21,-0.05,0.06,0.01,,-5.91,-0.76,-8.37,-0.07,0.03,0.01
-5.11,-0.65,-9.04,-0.16,-0.08,0.01,,-5.3,-0.73,-8.89,-0.07,0.11,0.01,,-6.03,-0.66,-8.22,-0.04,0.03,0,,-6.06,-0.74,-8.26,-0.04,0.03,0.01,,-5.92,-0.75,-8.36,-0.07,0.03,0.01
-5.2,-0.75,-8.87,-0.14,0.05,0.03,,-5.21,-0.71,-8.72,-0.06,0.04,0.01,,-5.97,-0.65,-8.31,-0.08,0,-0.01,,-6.01,-0.72,-8.28,-0.05,0.01,0.01,,-5.91,-0.75,-8.36,-0.07,0.03,0.01
-5.41,-0.87,-8.61,-0.07,0.11,0.05,,-5.26,-0.69,-8.78,-0.08,-0.02,0,,-5.89,-0.69,-8.36,-0.1,0.02,0,,-5.97,-0.72,-8.3,-0.06,0.01,0.01,,-5.9,-0.75,-8.36,-0.07,0.03,0.01
-5.57,-0.83,-8.52,0.01,0.01,0.06,,-5.23,-0.64,-8.84,-0.08,-0.15,-0.01,,-5.89,-0.77,-8.37,-0.1,0.06,0.01,,-6.01,-0.72,-8.27,-0.08,0.03,0.01,,-5.89,-0.76,-8.35,-0.07,0.03,0.01
-5.44,-0.72,-8.67,0.04,-0.12,0.06,,-5.1,-0.68,-9.01,-0.08,-0.18,0,,-5.97,-0.81,-8.27,-0.08,0.09,0.02,,-6.02,-0.76,-8.24,-0.09,0.03,0,,-5.89,-0.76,-8.35,-0.07,0.02,0.01
-5.22,-0.61,-8.89,0,-0.21,0.05,,-4.93,-0.71,-9.04,-0.06,-0.15,0.02,,-6.04,-0.81,-8.25,-0.05,0.08,0.02,,-6.04,-0.79,-8.22,-0.08,0.03,0,,-5.88,-0.77,-8.33,-0.07,0.03,0.01
-5.1,-0.56,-9.01,-0.07,-0.19,0.03,,-5.06,-0.71,-8.99,-0.04,-0.05,0.04,,-6.04,-0.76,-8.25,-0.02,0.03,0.01,,-6.04,-0.81,-8.32,-0.06,0.01,0.01,,-5.91,-0.75,-8.36,-0.07,0.03,0.01
-5.11,-0.67,-8.92,-0.13,-0.11,0.02,,-5.09,-0.73,-8.92,-0.02,-0.05,0.05,,-5.97,-0.7,-8.31,-0.03,0.01,0.01,,-4.98,-0.67,-8.23,-0.03,0,0.06,,-5.91,-0.75,-8.34,-0.07,0.02,0.01
-5.22,-0.8,-8.82,-0.12,-0.04,0.01,,-5.05,-0.71,-8.96,-0.03,-0.05,0.05,,-5.94,-0.66,-8.33,-0.07,0.01,0.01,,-7.02,-0.89,-8.34,-0.08,0.33,-0.04,,-5.88,-0.75,-8.35,-0.07,0.03,0.01
-5.27,-0.83,-8.74,-0.06,-0.03,0,,-5.05,-0.66,-8.99,-0.05,-0.06,0.04,,-5.95,-0.68,-8.31,-0.1,0.01,0,,-6.18,-0.71,-7.92,-0.05,-0.05,0.03,,-5.92,-0.78,-8.36,-0.07,0.03,0.01
-5.23,-0.78,-8.87,-0.01,-0.04,0.01,,-5.04,-0.65,-9.07,-0.07,-0.09,0.03,,-5.96,-0.74,-8.27,-0.1,0.03,0,,-6.22,-0.73,-8.48,-0.05,-0.39,0.02,,-5.91,-0.75,-8.37,-0.07,0.03,0.01
-5.17,-0.68,-8.99,-0.01,-0.06,0.02,,-4.94,-0.72,-9.06,-0.08,-0.07,0.02,,-5.99,-0.78,-8.2,-0.08,0.03,0,,-5.08,-0.58,-8.37,-0.07,-0.12,-0.01,,-5.89,-0.75,-8.39,-0.07,0.03,0.01
-5.12,-0.64,-9,-0.04,-0.06,0.01,,-4.77,-0.65,-8.09,-0.07,-0.01,0.02,,-4.89,-0.65,-8.42,-0.01,-0.15,0.03,,-6.15,-0.84,-8.66,-0.14,0.17,0,,-5.89,-0.75,-8.36,-0.07,0.03,0.01
-5.09,-0.64,-8.94,-0.08,-0.01,0,,-7.09,-0.87,-8.27,-0.15,-0.19,-0.1,,-6.1,-0.87,-7.65,-0.09,0.74,0.03,,-5.94,-0.84,-8.11,-0.08,0.13,0.01,,-5.89,-0.74,-8.35,-0.07,0.03,0.01
-5.18,-0.73,-8.88,-0.1,0.03,-0.03,,-4.83,-0.71,-9.07,-0.09,-1.06,-0.05,,-7.36,-0.75,-7.82,-0.03,0.01,-0.02,,-6.2,-0.89,-8.14,-0.04,0.17,0.04,,-5.9,-0.77,-8.34,-0.07,0.03,0.01
-5.18,-0.76,-8.89,-0.1,0.06,-0.03,,-3.97,-0.65,-10.21,-0.05,-0.6,-0.03,,-6.67,-0.75,-8.32,-0.05,-0.6,0.01,,-6.12,-0.74,-8.08,-0.01,0.06,0.01,,-5.9,-0.75,-8.32,-0.07,0.03,0.01
-5.15,-0.76,-8.93,-0.07,0.09,-0.01,,-3.85,-0.63,-9.59,-0.07,0.44,0,,-4.64,-0.44,-8.75,-0.03,-0.67,0.02,,-6.23,-0.67,-8.37,-0.04,-0.11,0,,-5.9,-0.75,-8.34,-0.07,0.03,0.01
-5.13,-0.72,-8.94,-0.05,0.13,0.01,,-5.82,-0.83,-8.92,-0.09,0.91,0.04,,-5.22,-0.65,-8.93,-0.18,0.15,-0.04,,-5.67,-0.63,-8.4,-0.08,-0.13,0.01,,-5.89,-0.77,-8.35,-0.07,0.03,0.01
-5.2,-0.67,-8.94,-0.06,0.13,0.02,,-5.87,-0.81,-7.91,-0.02,0.44,0.03,,-6.08,-0.9,-8.41,-0.15,0.33,-0.01,,-5.88,-0.71,-8.4,-0.11,0.04,-0.01,,-5.91,-0.75,-8.34,-0.07,0.03,0.01
-5.21,-0.69,-8.84,-0.07,0.13,0.02,,-5.97,-0.69,-8.14,-0.04,0.08,0.01,,-6.18,-1.02,-7.92,-0.05,0.32,0.07,,-6.02,-0.82,-8.24,-0.1,0.08,0,,-5.9,-0.74,-8.36,-0.07,0.03,0.01
-5.28,-0.68,-8.76,-0.07,0.13,0,,-5.35,-0.57,-8.77,-0.09,-0.42,-0.06,,-6.35,-0.86,-7.83,0.04,0.23,0.03,,-6.11,-0.85,-8.16,-0.06,0.05,0.01,,-5.9,-0.74,-8.35,-0.07,0.03,0.01
-5.29,-0.71,-8.77,-0.07,0.11,0,,-4.87,-0.53,-9.57,-0.15,-0.39,-0.01,,-6.38,-0.61,-8.23,0.03,-0.15,0.01,,-5.97,-0.81,-8.25,-0.04,0.11,0.01,,-5.89,-0.75,-8.36,-0.07,0.03,0.01
-5.24,-0.7,-8.83,-0.07,0.12,0.01,,-4.31,-0.71,-9.46,-0.14,-0.05,0.03,,-5.68,-0.45,-8.65,-0.06,-0.35,0.02,,-6.11,-0.73,-8.34,-0.03,0.04,0.02,,-5.9,-0.76,-8.36,-0.07,0.03,0.01
-5.26,-0.71,-8.84,-0.07,0.14,0.02,,-5.18,-0.91,-8.92,-0.07,0.45,0.02,,-5.28,-0.53,-8.62,-0.15,-0.07,0,,-5.97,-0.67,-8.57,-0.05,0,0.02,,-5.9,-0.77,-8.35,-0.07,0.03,0.01
-5.29,-0.7,-8.82,-0.07,0.14,0.01,,-5.69,-0.94,-8.36,0.02,0.34,0.03,,-6.01,-0.8,-8.38,-0.18,0.16,-0.03,,-5.49,-0.62,-8.07,-0.09,0.11,0.04,,-5.91,-0.76,-8.35,-0.07,0.03,0.01
-5.4,-0.71,-8.64,-0.08,0.15,0,,-5.71,-0.8,-8.32,0.05,0.12,0.02,,-6.18,-0.96,-8.07,-0.1,0.08,0,,-6.61,-0.82,-8.09,-0.1,0.07,-0.05,,-5.91,-0.75,-8.38,-0.07,0.03,0.01
-5.71,-0.73,-8.66,-0.08,-0.01,-0.04,,-5.36,-0.57,-8.74,0,-0.08,-0.01,,-6.03,-0.96,-8.09,-0.01,0.08,0.01,,-6.21,-0.83,-8.09,-0.08,-0.03,-0.01,,-5.88,-0.77,-8.37,-0.07,0.03,0.01
-5.24,-0.71,-8.74,-0.09,-0.12,-0.03,,-5.03,-0.42,-9.23,-0.1,-0.11,-0.01,,-6.01,-0.75,-8.32,0.05,0.06,0.03,,-5.85,-0.79,-8.41,-0.05,-0.17,0.02,,-5.93,-0.76,-8.34,-0.07,0.03,0.01
-5.12,-0.71,-8.95,-0.07,-0.06,-0.02,,-4.88,-0.45,-9.19,-0.21,-0.02,-0.01,,-5.83,-0.54,-8.51,0.01,0,0.05,,-5.55,-0.68,-8.37,-0.07,0.1,0,,-5.89,-0.75,-8.37,-0.07,0.03,0.01
-5.23,-0.71,-8.85,-0.07,0.1,-0.01,,-4.92,-0.65,-7.72,-0.23,0.16,-0.02,,-5.37,-0.46,-8.7,-0.07,-0.02,0.03,,-6.16,-0.78,-8.43,-0.07,0.12,0.03,,-5.9,-0.76,-8.36,-0.07,0.02,0.01
-5.48,-0.74,-8.7,-0.07,0.09,0.02,,-7.78,-1.07,-7.92,-0.2,-0.23,-0.15,,-6.2,-0.7,-8.09,-0.2,0.47,-0.02,,-6.03,-0.76,-8.15,-0.06,0.1,0.02,,-5.9,-0.75,-8.35,-0.07,0.03,0.01
-5.41,-0.71,-8.55,-0.05,0.03,0.02,,-5.22,-0.88,-8.66,-0.02,-1.08,-0.04,,-6.46,-0.81,-7.86,-0.14,-0.06,-0.04,,-6.15,-0.78,-8.15,-0.05,0.08,0,,-5.9,-0.75,-8.32,-0.07,0.03,0.01
-5.49,-0.67,-8.68,-0.06,-0.06,0.01,,-4.18,-0.66,-10.04,0.09,-0.75,0.02,,-6.33,-0.93,-8.26,-0.06,-0.33,-0.04,,-6.16,-0.74,-8.17,-0.05,-0.01,0,,-5.92,-0.74,-8.36,-0.07,0.03,0.01
-5.32,-0.67,-8.78,-0.07,-0.18,0.02,,-3.85,-0.51,-9.56,0.05,0.34,0.07,,-5.33,-0.76,-8.53,-0.02,-0.17,0,,-5.99,-0.7,-8.34,-0.07,-0.11,0,,-5.91,-0.74,-8.34,-0.06,0.03,0.01
-5.2,-0.71,-8.93,-0.07,-0.2,0.03,,-5.93,-0.66,-8.97,-0.02,0.82,0.14,,-5.66,-0.71,-8.68,-0.04,0.18,0.02,,-5.75,-0.72,-8.39,-0.08,-0.02,0.01,,-5.9,-0.74,-8.36,-0.06,0.02,0.01
-5.14,-0.76,-8.89,-0.05,-0.11,0.04,,-6.09,-0.59,-7.72,-0.04,0.39,0.12,,-5.97,-0.64,-8.39,-0.04,0.23,0.06,,-6.01,-0.76,-8.29,-0.08,0.08,0.01,,-5.89,-0.75,-8.35,-0.07,0.03,0.01
-5.26,-0.75,-8.84,-0.03,-0.04,0.05,,-6.26,-0.7,-7.89,-0.13,-0.02,-0.02,,-6.06,-0.71,-8.05,-0.06,0.21,0.05,,-6.1,-0.78,-8.19,-0.08,0.07,0.01,,-5.9,-0.75,-8.34,-0.07,0.03,0.01
-5.26,-0.74,-8.79,-0.02,-0.02,0.05,,-5.67,-0.67,-8.59,-0.16,-0.63,-0.07,,-6.4,-0.72,-7.99,-0.08,0.11,-0.02,,-6.08,-0.77,-8.14,-0.06,0.04,0.01,,-5.9,-0.74,-8.32,-0.07,0.02,0.01
-5.26,-0.69,-8.85,-0.04,-0.02,0.04,,-4.95,-0.74,-9.52,-0.12,-0.7,-0.04,,-6.25,-0.72,-8.2,-0.08,-0.17,-0.02,,-6.05,-0.77,-8.26,-0.05,0.04,0,,-5.89,-0.74,-8.35,-0.07,0.03,0.01
-5.24,-0.68,-8.91,-0.07,-0.06,0.01,,-4.15,-0.8,-9.56,-0.05,-0.23,0.03,,-5.71,-0.73,-8.5,-0.08,-0.21,0,,-6.02,-0.71,-8.36,-0.06,-0.04,0.01,,-5.91,-0.73,-8.37,-0.07,0.03,0.01
-5.18,-0.68,-8.94,-0.1,-0.08,0,,-5.19,-0.86,-9.06,-0.01,0.38,0.03,,-5.54,-0.76,-8.52,-0.08,0.01,0.02,,-5.92,-0.69,-8.4,-0.07,-0.03,0.01,,-5.89,-0.74,-8.35,-0.07,0.02,0.01
-5.12,-0.74,-8.93,-0.1,-0.04,-0.01,,-5.77,-0.78,-8.35,0.05,0.3,0.04,,-6,-0.79,-8.37,-0.07,0.14,0.02,,-5.93,-0.74,-8.22,-0.09,0.06,0.02,,-5.9,-0.75,-8.37,-0.07,0.03,0.01
-4.98,-0.7,-7.93,-0.11,0.09,0.01,,-5.82,-0.66,-8.25,0.03,0.09,0.01,,-6.05,-0.79,-8.15,-0.04,0.12,0.03,,-6.05,-0.77,-8.2,-0.07,0.02,0.01,,-5.9,-0.76,-8.35,-0.07,0.03,0.01
-7.09,-0.89,-8.59,-0.11,-0.36,-0.13,,-5.56,-0.47,-8.65,-0.05,-0.14,-0.04,,-6.15,-0.75,-8.12,-0.03,0.09,0.01,,-6.05,-0.78,-8.23,-0.06,0.02,0,,-5.91,-0.74,-8.33,-0.07,0.02,0.01
-4.92,-0.63,-9.18,-0.05,-0.98,-0.05,,-5.08,-0.45,-9.21,-0.15,-0.23,-0.05,,-6.12,-0.69,-8.28,-0.04,-0.02,0,,-5.93,-0.76,-8.29,-0.05,0.02,0.01,,-5.9,-0.74,-8.36,-0.07,0.03,0.01
-4.09,-0.59,-9.96,-0.08,-0.42,0,,-4.75,-0.54,-9.31,-0.22,-0.03,0.02,,-5.88,-0.64,-8.49,-0.08,-0.11,0,,-5.99,-0.73,-8.34,-0.06,0.04,0.01,,-5.91,-0.76,-8.36,-0.07,0.03,0.01
-4.22,-0.64,-9.22,-0.11,0.62,0,,-4.92,-0.74,-8.03,-0.2,0.24,0.01,,-5.61,-0.69,-8.4,-0.12,-0.02,0.01,,-5.98,-0.73,-8.29,-0.07,0.01,0.02,,-5.89,-0.76,-8.35,-0.07,0.03,0.01
-6.3,-0.9,-8.58,-0.09,0.85,0.06,,-7.65,-1.09,-8.16,-0.15,-0.06,-0.11,,-6.02,-0.8,-8.29,-0.11,0.04,-0.01,,-6.02,-0.75,-8.22,-0.07,0.02,0.01,,-5.88,-0.78,-8.37,-0.07,0.03,0.01
-6,-0.85,-7.77,0.02,0.32,0.05,,-5.21,-0.87,-8.47,0.02,-0.71,0.02,,-6.1,-0.85,-8.19,-0.07,0.03,0.01,,-6.04,-0.76,-8.23,-0.07,0.03,0,,-5.91,-0.76,-8.34,-0.07,0.03,0.01
-6.11,-0.64,-8.14,0.01,-0.01,0.02,,-4.5,-0.64,-9.66,0.1,-0.51,0.02,,-5.95,-0.78,-8.28,-0.02,0,0.02,,-6.01,-0.78,-8.28,-0.07,0.02,0,,-5.9,-0.74,-8.37,-0.07,0.03,0.01
-5.44,-0.5,-8.82,-0.07,-0.4,-0.03,,-4.23,-0.48,-9.33,0.04,0.39,0.03,,-5.88,-0.7,-8.37,-0.02,0.04,0.01,,-5.92,-0.76,-8.31,-0.07,0.04,0.01,,-5.9,-0.77,-8.37,-0.07,0.03,0.01
-4.98,-0.5,-9.42,-0.18,-0.39,-0.02,,-5.88,-0.62,-8.99,-0.06,0.76,0.09,,-5.89,-0.66,-8.43,-0.04,0.04,0.02,,-5.96,-0.74,-8.3,-0.07,0.06,0.01,,-5.93,-0.74,-8.37,-0.07,0.03,0.01
-4.57,-0.79,-9.14,-0.19,0.05,-0.01,,-6,-0.55,-7.9,-0.13,0.48,0.06,,-5.91,-0.68,-8.36,-0.08,0.02,0.02,,-6.03,-0.76,-8.26,-0.07,0.05,0.01,,-5.91,-0.76,-8.36,-0.07,0.03,0.01
-5.56,-0.97,-8.63,-0.09,0.44,-0.01,,-6.31,-0.77,-7.95,-0.21,0.15,-0.05,,-5.99,-0.72,-8.24,-0.1,0.04,0,,-6.04,-0.76,-8.21,-0.06,0.03,0.01,,-5.9,-0.76,-8.36,-0.07,0.02,0.01
-5.93,-0.98,-8.17,0.04,0.28,0.02,,-5.82,-0.78,-8.41,-0.16,-0.37,-0.07,,-6.08,-0.79,-8.26,-0.09,0,0,,-6.02,-0.76,-8.22,-0.06,0.02,0,,-5.9,-0.75,-8.35,-0.06,0.03,0.01
-5.79,-0.73,-8.32,0.09,0.07,0.06,,-5.27,-0.78,-9.16,-0.08,-0.45,-0.03,,-5.94,-0.81,-8.32,-0.06,-0.01,0,,-6.01,-0.74,-8.26,-0.06,0.02,0,,-5.9,-0.76,-8.35,-0.07,0.03,0.01
-5.46,-0.51,-8.72,0.02,-0.09,0.01,,-4.57,-0.7,-9.18,-0.03,-0.09,0.02,,-5.84,-0.76,-8.37,-0.05,0.04,0.01,,-5.95,-0.75,-8.28,-0.07,0.03,0.01,,-5.9,-0.77,-8.35,-0.07,0.02,0.01
-5.29,-0.41,-9.1,-0.12,-0.14,-0.01,,-5.45,-0.81,-8.8,-0.02,0.37,0.02,,-5.9,-0.73,-8.37,-0.05,0.09,0.02,,-5.98,-0.76,-8.26,-0.07,0.05,0.01,,-5.89,-0.75,-8.33,-0.07,0.02,0.01
-5.05,-0.53,-8.99,-0.26,-0.04,-0.04,,-5.9,-0.76,-8.23,0.02,0.29,0.03,,-5.99,-0.7,-8.32,-0.06,0.07,0.02,,-6.03,-0.75,-8.22,-0.07,0.05,0.01,,-5.89,-0.76,-8.35,-0.06,0.03,0.01
-5.38,-0.83,-8.35,-0.23,0.12,-0.05,,-5.97,-0.68,-8.15,0.01,0.1,0.01,,-6.01,-0.73,-8.22,-0.07,0.05,0.01,,-6.04,-0.75,-8.25,-0.06,0.03,0,,-5.91,-0.75,-8.36,-0.07,0.03,0.01
-7.37,-1.13,-7.37,-0.15,0.12,-0.08,,-5.77,-0.52,-8.46,-0.04,-0.11,-0.01,,-6.03,-0.73,-8.22,-0.07,0.02,-0.01,,-6.02,-0.75,-8.23,-0.06,0.01,0,,-5.89,-0.77,-8.34,-0.07,0.02,0.01
-5.86,-0.88,-8.34,0.05,-1.16,0,,-5.38,-0.48,-8.93,-0.12,-0.25,-0.01,,-5.94,-0.75,-8.32,-0.08,0,-0.01,,-6,-0.75,-8.3,-0.06,0.02,0.01,,-5.89,-0.74,-8.33,-0.06,0.03,0.01
-4.58,-0.59,-9.68,0.11,-0.88,0.01,,-5.03,-0.58,-9.03,-0.21,-0.12,0.01,,-5.88,-0.75,-8.36,-0.08,0.02,0,,-5.99,-0.73,-8.29,-0.06,0.01,0.01,,-5.89,-0.73,-8.35,-0.07,0.03,0.01
-3.88,-0.45,-9.63,0,0.11,0.08,,-5.32,-0.87,-8.81,-0.2,0.07,-0.03,,-5.91,-0.75,-8.33,-0.07,0.07,0.01,,-5.99,-0.74,-8.27,-0.07,0.03,0.01,,-5.89,-0.74,-8.36,-0.07,0.02,0.01
-5.69,-0.6,-8.91,-0.13,0.88,0.08,,-5.71,-1.01,-8.46,-0.07,0.09,0,,-5.99,-0.76,-8.24,-0.07,0.07,0.02,,-5.99,-0.75,-8.22,-0.07,0.03,0.01,,-5.91,-0.76,-8.37,-0.07,0.04,0.01
-6.44,-0.8,-7.8,-0.09,0.4,0.09,,-5.75,-0.91,-8.38,0.08,-0.02,0.05,,-6.01,-0.74,-8.22,-0.05,0.04,0.01,,-6.02,-0.77,-8.25,-0.06,0.02,0.01,,-5.91,-0.75,-8.37,-0.06,0.02,0.01
-6.3,-0.8,-7.71,-0.1,0.02,0.01,,-5.53,-0.62,-8.61,0.12,-0.1,0.06,,-6.01,-0.74,-8.28,-0.06,0.02,0,,-6.01,-0.74,-8.26,-0.06,0.01,0.01,,-5.93,-0.75,-8.36,-0.06,0.03,0.01
-5.98,-0.75,-8.38,-0.08,-0.53,-0.06,,-5.32,-0.43,-8.87,0.03,-0.08,0.04,,-5.95,-0.69,-8.31,-0.07,-0.01,0.01,,-5.99,-0.75,-8.28,-0.06,0.01,0.01,,-5.88,-0.78,-8.34,-0.07,0.03,0.01
-5.23,-0.64,-9.3,-0.07,-0.65,-0.05,,-5.24,-0.39,-8.96,-0.11,-0.02,0.04,,-5.95,-0.71,-8.33,-0.07,0,0.01,,-5.99,-0.75,-8.26,-0.06,0.01,0.01,,-5.93,-0.76,-8.39,-0.07,0.03,0
-4.37,-0.64,-9.43,-0.09,-0.31,0.01,,-5.39,-0.6,-8.73,-0.22,0.06,0,,-5.94,-0.74,-8.31,-0.08,0.03,0.01,,-6.01,-0.75,-8.27,-0.07,0.01,0.01,,-5.88,-0.75,-8.32,-0.07,0.03,0.01
-5.11,-0.74,-8.97,-0.08,0.38,0.01,,-5.59,-0.87,-8.54,-0.19,0.07,-0.02,,-6.01,-0.76,-8.27,-0.07,0.03,0.01,,-6,-0.76,-8.25,-0.07,0.02,0.01,,-5.9,-0.75,-8.35,-0.06,0.03,0.01
-6.07,-0.85,-8.29,-0.01,0.38,0.03,,-5.66,-0.98,-8.5,-0.08,0.01,0,,-6,-0.79,-8.26,-0.06,0.03,0.01,,-5.98,-0.74,-8.28,-0.07,0.03,0.01,,-5.9,-0.74,-8.39,-0.06,0.03,0.01
-5.99,-0.76,-8.08,0.04,0.12,0.03,,-5.47,-0.9,-8.68,0.03,-0.03,0.01,,-5.96,-0.74,-8.28,-0.05,0.02,0.01,,-6,-0.74,-8.28,-0.07,0.03,0.01,,-5.89,-0.75,-8.32,-0.07,0.02,0.01
-5.75,-0.58,-8.48,0,-0.1,0,,-5.29,-0.67,-8.87,0.05,0.03,0.02,,-5.97,-0.75,-8.33,-0.06,0,0.01,,-5.99,-0.75,-8.27,-0.07,0.02,0.01,,-5.9,-0.77,-8.35,-0.07,0.03,0.01
-5.27,-0.52,-9.05,-0.1,-0.17,-0.04,,-5.32,-0.54,-8.87,0,0.1,0.02,,-5.92,-0.74,-8.32,-0.07,0,0.01,,-5.98,-0.74,-8.27,-0.07,0.02,0.01,,-5.9,-0.76,-8.39,-0.06,0.03,0.01
-4.98,-0.53,-9.19,-0.19,-0.06,0,,-5.46,-0.51,-8.71,-0.08,0.13,0,,-5.93,-0.71,-8.3,-0.07,0,0.01,,-6.01,-0.75,-8.25,-0.06,0.02,0.01,,-5.9,-0.73,-8.35,-0.07,0.03,0.01
-4.97,-0.68,-7.81,-0.22,0.25,0,,-5.59,-0.63,-8.53,-0.15,0.11,-0.03,,-5.95,-0.75,-8.29,-0.08,0.02,0,,-6,-0.75,-8.25,-0.06,0.03,0.01,,-5.89,-0.75,-8.32,-0.07,0.03,0.01
-7.79,-1.08,-8.04,-0.19,-0.04,-0.14,,-5.6,-0.74,-8.57,-0.16,0.05,-0.05,,-5.96,-0.74,-8.33,-0.07,0.02,0,,-5.99,-0.75,-8.29,-0.06,0.04,0.01,,-5.9,-0.74,-8.35,-0.07,0.02,0.01
-5.63,-0.9,-8.36,0,-0.72,-0.01,,-5.47,-0.82,-8.7,-0.12,0.02,-0.04,,-5.93,-0.76,-8.35,-0.07,0.03,0.01,,-6,-0.74,-8.31,-0.07,0.04,0.01,,-5.9,-0.76,-8.36,-0.06,0.03,0.01
-4.55,-0.63,-9.5,0.09,-0.52,0.04,,-5.34,-0.81,-8.79,-0.06,0.06,0,,-5.94,-0.76,-8.34,-0.06,0.03,0.01,,-6,-0.74,-8.28,-0.07,0.04,0.01,,-5.89,-0.75,-8.36,-0.06,0.03,0.01
-4.43,-0.49,-9.05,-0.01,0.47,0.02,,-5.41,-0.74,-8.74,-0.01,0.11,0.03,,-5.96,-0.74,-8.34,-0.06,0.02,0.01,,-6.02,-0.76,-8.28,-0.07,0.04,0.01,,-5.92,-0.74,-8.34,-0.07,0.03,0.01
-6.31,-0.75,-8.72,-0.09,0.74,0.08,,-5.54,-0.64,-8.62,0,0.12,0.04,,-5.95,-0.71,-8.3,-0.06,0.02,0.01,,-6,-0.75,-8.24,-0.07,0.03,0,,-5.9,-0.76,-8.37,-0.07,0.02,0.01
-6.17,-0.68,-7.75,-0.09,0.4,0.09,,-5.62,-0.6,-8.53,-0.03,0.09,0.03,,-5.95,-0.71,-8.3,-0.06,0.02,0.01,,-6,-0.76,-8.25,-0.07,0.03,0,,-5.88,-0.77,-8.38,-0.06,0.03,0.01
-6.43,-0.75,-7.86,-0.12,0.08,-0.01,,-5.62,-0.6,-8.54,-0.07,0.02,0.01,,-5.93,-0.74,-8.35,-0.07,0.03,0.01,,-6,-0.75,-8.26,-0.07,0.04,0.01,,-5.91,-0.75,-8.34,-0.07,0.03,0.01
-5.95,-0.69,-8.34,-0.12,-0.39,-0.04,,-5.51,-0.67,-8.67,-0.11,-0.02,0,,-5.93,-0.72,-8.33,-0.07,0.04,0.01,,-6,-0.76,-8.25,-0.07,0.04,0.01,,-5.87,-0.76,-8.32,-0.07,0.02,0.01
-5.42,-0.74,-9.02,-0.1,-0.53,-0.04,,-5.44,-0.76,-8.71,-0.12,0,0.01,,-5.97,-0.75,-8.34,-0.07,0.05,0.01,,-6.01,-0.76,-8.26,-0.07,0.04,0.01,,-5.57,-0.7,-8.32,-0.06,0,0.02
-4.7,-0.75,-8.98,-0.07,-0.09,-0.02,,-5.46,-0.8,-8.68,-0.09,0.04,0.02,,-5.97,-0.74,-8.31,-0.07,0.04,0.01,,-6.02,-0.76,-8.25,-0.07,0.03,0.01,,-6.09,-0.8,-8.28,-0.09,0.17,0.01
-5.64,-0.85,-8.63,-0.03,0.35,0.02,,-5.54,-0.78,-8.61,-0.05,0.05,0.03,,-5.99,-0.74,-8.28,-0.06,0.03,0.01,,-6.02,-0.76,-8.28,-0.06,0.03,0.01,,-5.9,-0.74,-8.24,-0.04,-0.04,0.01
-6.08,-0.79,-8.14,0.03,0.26,0.03,,-5.57,-0.75,-8.56,-0.02,0.02,0.02,,-5.95,-0.72,-8.29,-0.06,0.03,0,,-6.03,-0.78,-8.26,-0.07,0.02,0.01,,-6.15,-0.72,-8.46,-0.07,-0.05,-0.01
-6.08,-0.67,-8.12,0.03,0.06,0.05,,-5.55,-0.67,-8.59,-0.02,-0.01,0.01,,-5.94,-0.73,-8.29,-0.07,0.03,0,,-6.01,-0.74,-8.26,-0.06,0.02,0.01,,-5.65,-0.69,-8.47,-0.08,-0.07,0
-5.85,-0.52,-8.41,-0.05,-0.12,-0.01,,-5.51,-0.62,-8.68,-0.05,-0.05,0,,-5.96,-0.73,-8.32,-0.07,0.04,0.01,,-6,-0.75,-8.26,-0.07,0.02,0.01,,-5.79,-0.75,-8.49,-0.09,0.05,0.01
-5.55,-0.51,-8.83,-0.15,-0.25,-0.03,,-5.45,-0.65,-8.71,-0.09,-0.05,0,,-5.96,-0.74,-8.31,-0.07,0.05,0.01,,-6,-0.74,-8.24,-0.07,0.02,0.01,,-5.88,-0.8,-8.27,-0.07,0.11,0
-5.2,-0.64,-8.84,-0.21,-0.16,-0.02,,-5.42,-0.67,-8.69,-0.11,-0.02,0,,-5.98,-0.74,-8.27,-0.07,0.04,0.01,,-6.01,-0.74,-8.26,-0.06,0.02,0.01,,-6.09,-0.79,-8.3,-0.05,0.08,0.01
-5.5,-0.88,-8.65,-0.17,0.07,-0.02,,-5.48,-0.74,-8.65,-0.1,0,0,,-6,-0.77,-8.26,-0.07,0.03,0,,-6.02,-0.75,-8.26,-0.07,0.02,0.01,,-5.89,-0.77,-8.27,-0.05,0.01,0.01
-5.87,-1.02,-8.36,-0.04,0.09,0.02,,-5.48,-0.77,-8.66,-0.07,0,0,,-5.98,-0.74,-8.28,-0.06,0.02,0.01,,-6,-0.74,-8.26,-0.07,0.02,0.01,,-5.91,-0.69,-8.37,-0.06,0.03,0.01
-5.87,-0.86,-8.35,0.09,0,0.06,,-5.47,-0.73,-8.72,-0.03,-0.01,0.01,,-5.98,-0.74,-8.31,-0.06,0.02,0.01,,-6,-0.74,-8.25,-0.07,0.02,0.01,,-5.9,-0.7,-8.38,-0.07,-0.03,0.01
-5.58,-0.61,-8.55,0.09,-0.03,0.07,,-5.43,-0.67,-8.73,-0.02,-0.02,0.02,,-5.98,-0.74,-8.31,-0.06,0.02,0.01,,-6,-0.75,-8.27,-0.07,0.01,0.01,,-5.87,-0.73,-8.41,-0.08,0,0.01
-5.53,-0.46,-8.77,-0.01,-0.01,0.05,,-5.42,-0.62,-8.75,-0.04,-0.02,0.03,,-5.98,-0.72,-8.32,-0.07,0.02,0.01,,-6.01,-0.76,-8.23,-0.07,0.02,0.01,,-5.84,-0.77,-8.32,-0.08,0.03,0
-5.5,-0.47,-8.76,-0.13,0.01,0.03,,-5.43,-0.62,-8.7,-0.07,0,0.02,,-5.97,-0.75,-8.3,-0.07,0.02,0.01,,-6,-0.75,-8.26,-0.06,0.02,0.01,,-5.94,-0.81,-8.33,-0.06,0.06,0
-5.56,-0.67,-8.58,-0.21,0.06,-0.01,,-5.45,-0.68,-8.69,-0.09,0.01,0.01,,-5.97,-0.75,-8.31,-0.07,0.02,0.01,,-6,-0.75,-8.27,-0.07,0.02,0.01,,-5.9,-0.8,-8.36,-0.05,0.05,0.01
-5.79,-0.89,-8.43,-0.17,0.07,-0.03,,-5.44,-0.73,-8.7,-0.09,0.03,0.01,,-5.96,-0.74,-8.31,-0.07,0.01,0.01,,-5.99,-0.76,-8.26,-0.07,0.03,0.01,,-5.92,-0.73,-8.43,-0.05,0.03,0.02
-5.8,-0.99,-8.44,-0.06,0.01,-0.01,,-5.43,-0.76,-8.74,-0.07,0.05,0.01,,-5.96,-0.74,-8.3,-0.07,0.01,0.01,,-6.01,-0.75,-8.28,-0.07,0.02,0.01,,-5.89,-0.69,-8.39,-0.07,0.02,0.02
-5.56,-0.85,-8.59,0.03,0.01,0.02,,-5.46,-0.73,-8.73,-0.06,0.06,0.01,,-5.94,-0.74,-8.32,-0.06,0.01,0.01,,-6,-0.76,-8.25,-0.07,0.02,0.01,,-5.92,-0.73,-8.31,-0.08,0.01,0.01
-5.48,-0.64,-8.71,0.04,0.09,0.03,,-5.46,-0.7,-8.75,-0.05,0.07,0.02,,-5.96,-0.74,-8.32,-0.06,0.01,0.01,,-5.98,-0.75,-8.25,-0.07,0.03,0.01,,-5.93,-0.76,-8.31,-0.08,0,0
-5.6,-0.52,-8.64,-0.03,0.14,0.02,,-5.47,-0.68,-8.7,-0.05,0.07,0.01,,-5.94,-0.75,-8.31,-0.06,0.02,0.01,,-6.02,-0.75,-8.26,-0.07,0.03,0.01,,-5.88,-0.77,-8.35,-0.07,0.01,0
-5.72,-0.56,-8.47,-0.11,0.13,-0.01,,-5.51,-0.67,-8.66,-0.07,0.06,-0.01,,-5.95,-0.73,-8.32,-0.07,0.02,0.01,,-6.01,-0.74,-8.26,-0.07,0.03,0.01,,-5.84,-0.77,-8.35,-0.06,0.04,0.01
-5.8,-0.67,-8.36,-0.16,0.09,-0.04,,-5.47,-0.67,-8.68,-0.08,0.07,-0.01,,-5.95,-0.73,-8.32,-0.07,0.02,0.01,,-6.01,-0.74,-8.25,-0.07,0.03,0.01,,-5.88,-0.76,-8.4,-0.06,0.05,0.02
-5.77,-0.77,-8.43,-0.15,0.03,-0.04,,-5.49,-0.71,-8.72,-0.09,0.08,-0.01,,-5.96,-0.74,-8.33,-0.07,0.02,0.01,,-6,-0.74,-8.25,-0.07,0.03,0.01,,-5.9,-0.74,-8.37,-0.06,0.04,0.02
-5.62,-0.83,-8.57,-0.1,0,-0.02,,-5.49,-0.71,-8.68,-0.09,0.08,-0.01,,-5.94,-0.76,-8.32,-0.07,0.02,0.01,,-5.98,-0.74,-8.25,-0.07,0.03,0.01,,-5.93,-0.71,-8.31,-0.06,0.03,0.02
-5.54,-0.8,-8.62,-0.03,0.06,0.02,,-5.49,-0.73,-8.65,-0.08,0.08,0,,-5.94,-0.74,-8.32,-0.07,0.02,0.01,,-6,-0.72,-8.28,-0.07,0.03,0.01,,-5.93,-0.73,-8.29,-0.07,0.01,0
-5.61,-0.71,-8.56,0,0.11,0.04,,-5.54,-0.73,-8.6,-0.06,0.07,0,,-5.95,-0.74,-8.31,-0.06,0.03,0.01,,-6.01,-0.75,-8.24,-0.07,0.03,0.01,,-5.89,-0.76,-8.34,-0.07,0,0
-5.74,-0.65,-8.43,-0.01,0.1,0.03,,-5.55,-0.71,-8.59,-0.05,0.05,0,,,,,,,,,-6.02,-0.75,-8.27,-0.07,0.03,0.01,,-5.88,-0.77,-8.4,-0.07,0.02,0
-5.82,-0.62,-8.41,-0.05,0.05,0.02,,-5.51,-0.69,-8.63,-0.06,0.03,0.01,,,,,,,,,-6,-0.76,-8.26,-0.07,0.03,0.01,,-5.87,-0.78,-8.36,-0.06,0.04,0.01
-5.8,-0.66,-8.45,-0.09,-0.01,0,,-5.53,-0.68,-8.66,-0.06,0.02,0.01,,,,,,,,,-6,-0.75,-8.26,-0.07,0.03,0.01,,-5.89,-0.73,-8.3,-0.07,0.05,0.02
-5.67,-0.72,-8.58,-0.11,-0.05,0,,-5.52,-0.69,-8.63,-0.07,0.02,0.02,,,,,,,,,-6.01,-0.76,-8.28,-0.07,0.03,0.01,,-5.91,-0.74,-8.31,-0.06,0.04,0.01
-5.6,-0.76,-8.61,-0.11,-0.03,0.02,,-5.52,-0.69,-8.63,-0.07,0.02,0.02,,,,,,,,,-6.02,-0.76,-8.26,-0.07,0.03,0.01,,-5.93,-0.74,-8.36,-0.07,0.03,0
-5.64,-0.8,-8.57,-0.07,0.01,0.02,,-5.51,-0.71,-8.61,-0.07,0.01,0.02,,,,,,,,,-6.03,-0.74,-8.25,-0.07,0.03,0.01,,-5.92,-0.74,-8.37,-0.07,0.01,0
-5.72,-0.79,-8.49,-0.03,0.03,0.02,,-5.51,-0.72,-8.65,-0.06,0,0.02,,,,,,,,,-6,-0.75,-8.24,-0.07,0.02,0.01,,-5.88,-0.77,-8.36,-0.07,0.01,0.01
-5.73,-0.71,-8.44,-0.01,0.01,0.02,,-5.5,-0.69,-8.64,-0.05,-0.02,0.02,,,,,,,,,-6.02,-0.77,-8.26,-0.07,0.02,0.01,,-5.91,-0.77,-8.35,-0.07,0.03,0.01
-5.69,-0.65,-8.51,-0.03,-0.02,0.01,,-5.48,-0.68,-8.7,-0.05,-0.02,0.02,,,,,,,,,-6.02,-0.76,-8.27,-0.07,0.02,0.01,,-5.9,-0.74,-8.36,-0.07,0.03,0.01
-5.66,-0.65,-8.57,-0.07,-0.05,0,,-5.48,-0.68,-8.69,-0.06,-0.02,0.01,,,,,,,,,-6,-0.75,-8.28,-0.07,0.02,0.01,,-5.91,-0.75,-8.31,-0.06,0.05,0.01
-5.61,-0.66,-8.58,-0.1,-0.05,0,,-5.47,-0.69,-8.68,-0.07,-0.02,0.01,,,,,,,,,-5.99,-0.76,-8.27,-0.07,0.02,0.01,,-5.92,-0.75,-8.34,-0.06,0.04,0.01
-5.61,-0.73,-8.57,-0.11,-0.02,-0.01,,-5.48,-0.7,-8.68,-0.07,-0.01,0,,,,,,,,,-6,-0.74,-8.24,-0.07,0.02,0.01,,-5.94,-0.74,-8.34,-0.06,0.02,0.01
-5.63,-0.78,-8.55,-0.09,0.01,-0.01,,-5.46,-0.71,-8.71,-0.07,0,0,,,,,,,,,-6,-0.75,-8.27,-0.07,0.02,0.01,,-5.9,-0.75,-8.35,-0.07,0.02,0.01
-5.65,-0.8,-8.55,-0.05,0.02,0.01,,-5.45,-0.72,-8.72,-0.07,0,0.01,,,,,,,,,-6.01,-0.75,-8.28,-0.07,0.02,0.01,,-5.9,-0.76,-8.36,-0.07,0.02,0.01
-5.64,-0.75,-8.6,-0.03,0.02,0.02,,-5.43,-0.71,-8.71,-0.06,0,0.01,,,,,,,,,-6,-0.76,-8.26,-0.07,0.02,0.01,,-5.88,-0.77,-8.35,-0.07,0.01,0.01
-5.59,-0.65,-8.62,-0.03,0.01,0.03,,-5.46,-0.69,-8.7,-0.06,0.01,0.01,,,,,,,,,-6,-0.76,-8.27,-0.07,0.02,0.01,,-5.84,-0.76,-8.37,-0.06,0.02,0.01
-5.63,-0.63,-8.58,-0.06,0.01,0.02,,-5.46,-0.68,-8.73,-0.06,0.01,0.01,,,,,,,,,-6.01,-0.76,-8.25,-0.06,0.02,0.01,,-5.91,-0.75,-8.37,-0.06,0.05,0.01
-5.62,-0.65,-8.57,-0.08,0.02,0.01,,-5.45,-0.68,-8.69,-0.06,0.03,0.01,,,,,,,,,-6.01,-0.74,-8.25,-0.07,0.02,0.01,,-5.91,-0.75,-8.35,-0.07,0.03,0.01
-5.62,-0.69,-8.57,-0.09,0.04,0,,-5.45,-0.68,-8.72,-0.07,0.04,0.01,,,,,,,,,-5.99,-0.74,-8.26,-0.07,0.02,0.01,,-5.9,-0.78,-8.35,-0.07,0.02,0.01
-5.66,-0.75,-8.56,-0.08,0.07,0,,-5.45,-0.7,-8.71,-0.07,0.05,0.01,,,,,,,,,-6.01,-0.74,-8.27,-0.07,0.03,0.01,,-5.92,-0.79,-8.37,-0.06,0.02,0.01
-5.64,-0.75,-8.57,-0.07,0.08,0.01,,-5.45,-0.7,-8.7,-0.07,0.06,0.01,,,,,,,,,-6.02,-0.75,-8.26,-0.07,0.03,0.01,,-5.9,-0.72,-8.35,-0.06,0.01,0.01
-5.67,-0.73,-8.57,-0.05,0.08,0.02,,-5.45,-0.71,-8.69,-0.07,0.05,0.01,,,,,,,,,-6.01,-0.73,-8.27,-0.07,0.03,0.01,,-5.89,-0.73,-8.35,-0.07,0.02,0.01
-5.68,-0.69,-8.54,-0.05,0.07,0.01,,-5.46,-0.7,-8.73,-0.07,0.06,0.01,,,,,,,,,-6.01,-0.73,-8.27,-0.07,0.03,0.01,,-5.87,-0.75,-8.37,-0.07,0.04,0.01
-5.69,-0.67,-8.53,-0.06,0.07,0,,-5.48,-0.7,-8.68,-0.07,0.07,0,,,,,,,,,-5.98,-0.74,-8.26,-0.07,0.03,0.01,,-5.91,-0.74,-8.34,-0.06,0.03,0.01
-5.69,-0.68,-8.53,-0.08,0.06,-0.01,,,,,,,,,,,,,,,,-5.99,-0.76,-8.26,-0.07,0.03,0.01,,-5.89,-0.74,-8.38,-0.07,0.04,0.01
-5.68,-0.71,-8.54,-0.09,0.07,-0.01,,,,,,,,,,,,,,,,-6.02,-0.75,-8.26,-0.07,0.04,0.01,,-5.94,-0.75,-8.35,-0.07,0.03,0.01
-5.68,-0.72,-8.53,-0.09,0.07,-0.01,,,,,,,,,,,,,,,,-6.02,-0.75,-8.25,-0.07,0.03,0.01,,-5.93,-0.76,-8.33,-0.07,0.01,0.01
-5.68,-0.74,-8.49,-0.08,0.07,0,,,,,,,,,,,,,,,,-6.02,-0.76,-8.23,-0.07,0.03,0.01,,-5.86,-0.74,-8.36,-0.07,0.02,0.01
-5.72,-0.72,-8.51,-0.06,0.06,0.01,,,,,,,,,,,,,,,,-6.01,-0.78,-8.26,-0.07,0.04,0.01,,-5.88,-0.74,-8.37,-0.06,0.04,0.01
-5.72,-0.74,-8.49,-0.05,0.03,0.01,,,,,,,,,,,,,,,,-6.02,-0.74,-8.27,-0.07,0.03,0.01,,-5.9,-0.74,-8.36,-0.07,0.03,0.01
-5.72,-0.7,-8.48,-0.05,0.01,0.01,,,,,,,,,,,,,,,,-6.02,-0.74,-8.26,-0.07,0.03,0.01,,-5.89,-0.77,-8.31,-0.07,0.04,0.01
-5.69,-0.7,-8.51,-0.06,0,0.02,,,,,,,,,,,,,,,,-6.02,-0.76,-8.27,-0.07,0.03,0.01,,-5.93,-0.75,-8.31,-0.06,0.04,0.01
-5.68,-0.71,-8.52,-0.07,0,0.02,,,,,,,,,,,,,,,,-6,-0.73,-8.24,-0.07,0.03,0.01,,-5.91,-0.72,-8.33,-0.06,0.02,0.01
-5.68,-0.71,-8.49,-0.07,0,0.02,,,,,,,,,,,,,,,,-6,-0.75,-8.25,-0.07,0.03,0.01,,-5.88,-0.75,-8.34,-0.07,0.02,0.01
-5.69,-0.73,-8.51,-0.07,0,0.02,,,,,,,,,,,,,,,,-6.02,-0.74,-8.24,-0.07,0.03,0.01,,-5.91,-0.74,-8.35,-0.07,0.03,0
-5.68,-0.74,-8.52,-0.06,-0.01,0.01,,,,,,,,,,,,,,,,-6.01,-0.74,-8.28,-0.06,0.02,0.01,,-5.91,-0.75,-8.32,-0.06,0.03,0.01
-5.69,-0.74,-8.54,-0.06,-0.02,0.01,,,,,,,,,,,,,,,,-5.98,-0.76,-8.26,-0.07,0.02,0.01,,-5.9,-0.75,-8.36,-0.07,0.03,0.01
-5.69,-0.71,-8.55,-0.05,-0.03,0.01,,,,,,,,,,,,,,,,-6.02,-0.74,-8.29,-0.06,0.03,0.01,,-5.91,-0.76,-8.35,-0.07,0.04,0.01
-5.65,-0.71,-8.57,-0.06,-0.03,0.01,,,,,,,,,,,,,,,,-6.04,-0.76,-8.27,-0.07,0.02,0.01,,-5.91,-0.75,-8.35,-0.07,0.02,0.01
-5.65,-0.7,-8.56,-0.07,-0.01,0.01,,,,,,,,,,,,,,,,-6.01,-0.76,-8.28,-0.07,0.01,0.01,,-5.88,-0.74,-8.4,-0.07,0.02,0.01
-5.64,-0.68,-8.58,-0.07,0,0,,,,,,,,,,,,,,,,-5.99,-0.74,-8.27,-0.06,0.02,0.01,,-5.92,-0.74,-8.34,-0.07,0.03,0.01
-5.64,-0.7,-8.58,-0.07,0.01,0,,,,,,,,,,,,,,,,-6.03,-0.74,-8.26,-0.07,0.02,0.01,,-5.76,-0.74,-8.37,-0.07,0.02,0.01
-5.64,-0.72,-8.57,-0.07,0.02,0.01,,,,,,,,,,,,,,,,-5.98,-0.75,-8.33,-0.07,0.03,0.01,,-5.94,-0.79,-8.38,-0.08,0.07,0
-5.64,-0.73,-8.57,-0.07,0.02,0.01,,,,,,,,,,,,,,,,-6.01,-0.75,-8.22,-0.07,0.02,0.01,,-5.9,-0.75,-8.32,-0.06,0.01,0
-5.62,-0.73,-8.57,-0.06,0.02,0.01,,,,,,,,,,,,,,,,-6,-0.74,-8.29,-0.06,0.03,0.01,,-6,-0.75,-8.37,-0.06,0,0.01
-5.62,-0.69,-8.55,-0.06,0.03,0.01,,,,,,,,,,,,,,,,-5.97,-0.76,-8.26,-0.07,0.01,0.01,,-5.8,-0.73,-8.4,-0.07,0.01,0.01
-5.61,-0.71,-8.58,-0.06,0.04,0.01,,,,,,,,,,,,,,,,-6.01,-0.76,-8.26,-0.07,0.04,0.01,,-5.89,-0.74,-8.41,-0.08,0.04,0.01
-5.65,-0.72,-8.55,-0.07,0.06,0.01,,,,,,,,,,,,,,,,-5.98,-0.75,-8.29,-0.07,0.02,0.01,,-5.89,-0.79,-8.35,-0.07,0.04,0.01
-5.65,-0.71,-8.6,-0.07,0.06,0.01,,,,,,,,,,,,,,,,-6,-0.75,-8.26,-0.06,0.03,0.01,,-5.95,-0.75,-8.35,-0.06,0.03,0.01
-5.66,-0.7,-8.54,-0.07,0.06,0.01,,,,,,,,,,,,,,,,-6,-0.72,-8.28,-0.06,0.04,0.01,,-5.89,-0.74,-8.33,-0.06,0.03,0.01
-5.69,-0.73,-8.54,-0.07,0.07,0,,,,,,,,,,,,,,,,-6.02,-0.76,-8.29,-0.07,0.03,0.01,,-5.93,-0.73,-8.35,-0.07,0.03,0.01
-5.66,-0.71,-8.55,-0.07,0.06,0,,,,,,,,,,,,,,,,,,,,,,,-5.89,-0.76,-8.34,-0.07,0.01,0.01
-5.68,-0.71,-8.54,-0.06,0.06,0,,,,,,,,,,,,,,,,,,,,,,,-5.89,-0.74,-8.36,-0.07,0.02,0.01
,,,,,,,,,,,,,,,,,,,,,,,,,,,,-5.89,-0.76,-8.35,-0.07,0.02,0.01
,,,,,,,,,,,,,,,,,,,,,,,,,,,,-5.92,-0.78,-8.35,-0.07,0.04,0
,,,,,,,,,,,,,,,,,,,,,,,,,,,,-5.88,-0.76,-8.34,-0.06,0.04,0.01
,,,,,,,,,,,,,,,,,,,,,,,,,,,,-5.91,-0.74,-8.37,-0.06,0.03,0.01
,,,,,,,,,,,,,,,,,,,,,,,,,,,,-5.89,-0.74,-8.35,-0.07,0.03,0.01
,,,,,,,,,,,,,,,,,,,,,,,,,,,,-5.85,-0.73,-8.34,-0.07,0.02,0.01
,,,,,,,,,,,,,,,,,,,,,,,,,,,,-5.99,-0.77,-8.29,-0.07,0.03,-0.01
,,,,,,,,,,,,,,,,,,,,,,,,,,,,-5.88,-0.75,-8.32,-0.07,0.02,0.01
,,,,,,,,,,,,,,,,,,,,,,,,,,,,-5.93,-0.75,-8.4,-0.06,0.02,0.01
,,,,,,,,,,,,,,,,,,,,,,,,,,,,-5.84,-0.74,-8.36,-0.07,0.03,0.01
,,,,,,,,,,,,,,,,,,,,,,,,,,,,-5.91,-0.72,-8.35,-0.07,0.04,0.02
,,,,,,,,,,,,,,,,,,,,,,,,,,,,-5.89,-0.74,-8.34,-0.07,0.03,0.01
,,,,,,,,,,,,,,,,,,,,,,,,,,,,-5.93,-0.75,-8.34,-0.06,0.03,0
,,,,,,,,,,,,,,,,,,,,,,,,,,,,-5.89,-0.76,-8.37,-0.06,0.02,0.01
,,,,,,,,,,,,,,,,,,,,,,,,,,,,-5.89,-0.75,-8.38,-0.07,0.02,0.01
,,,,,,,,,,,,,,,,,,,,,,,,,,,,-5.9,-0.76,-8.36,-0.07,0.02,0.01
,,,,,,,,,,,,,,,,,,,,,,,,,,,,-5.9,-0.77,-8.34,-0.07,0.03,0.01
,,,,,,,,,,,,,,,,,,,,,,,,,,,,-5.92,-0.76,-8.34,-0.06,0.03,0.01
,,,,,,,,,,,,,,,,,,,,,,,,,,,,-5.92,-0.76,-8.36,-0.07,0.03,0
,,,,,,,,,,,,,,,,,,,,,,,,,,,,-5.9,-0.75,-8.34,-0.07,0.02,0.01
,,,,,,,,,,,,,,,,,,,,,,,,,,,,-5.9,-0.74,-8.33,-0.07,0.02,0.01
,,,,,,,,,,,,,,,,,,,,,,,,,,,,-5.89,-0.75,-8.35,-0.07,0.02,0.01
,,,,,,,,,,,,,,,,,,,,,,,,,,,,-5.9,-0.75,-8.37,-0.07,0.02,0.01
,,,,,,,,,,,,,,,,,,,,,,,,,,,,-5.93,-0.75,-8.36,-0.07,0.03,0
,,,,,,,,,,,,,,,,,,,,,,,,,,,,-5.9,-0.75,-8.4,-0.06,0.03,0.01
,,,,,,,,,,,,,,,,,,,,,,,,,,,,-5.89,-0.74,-8.39,-0.07,0.03,0.01
,,,,,,,,,,,,,,,,,,,,,,,,,,,,-5.88,-0.76,-8.37,-0.07,0.03,0.01
,,,,,,,,,,,,,,,,,,,,,,,,,,,,-5.88,-0.75,-8.35,-0.07,0.02,0.01
,,,,,,,,,,,,,,,,,,,,,,,,,,,,-5.9,-0.74,-8.32,-0.07,0.02,0.01
,,,,,,,,,,,,,,,,,,,,,,,,,,,,-5.88,-0.75,-8.36,-0.06,0.03,0.01
,,,,,,,,,,,,,,,,,,,,,,,,,,,,-5.92,-0.74,-8.38,-0.07,0.03,0.01
,,,,,,,,,,,,,,,,,,,,,,,,,,,,-5.89,-0.72,-8.41,-0.07,0.03,0.01
,,,,,,,,,,,,,,,,,,,,,,,,,,,,-5.9,-0.75,-8.36,-0.07,0.03,0.01
,,,,,,,,,,,,,,,,,,,,,,,,,,,,-5.91,-0.75,-8.37,-0.07,0.02,0.01
,,,,,,,,,,,,,,,,,,,,,,,,,,,,-5.89,-0.76,-8.34,-0.07,0.02,0.01
,,,,,,,,,,,,,,,,,,,,,,,,,,,,-5.89,-0.74,-8.35,-0.06,0.03,0.01
,,,,,,,,,,,,,,,,,,,,,,,,,,,,-5.9,-0.74,-8.36,-0.07,0.03,0.01
,,,,,,,,,,,,,,,,,,,,,,,,,,,,-5.9,-0.75,-8.32,-0.07,0.03,0.01
,,,,,,,,,,,,,,,,,,,,,,,,,,,,-5.93,-0.77,-8.34,-0.07,0.03,0.01
,,,,,,,,,,,,,,,,,,,,,,,,,,,,-5.92,-0.75,-8.33,-0.07,0.02,0.01
,,,,,,,,,,,,,,,,,,,,,,,,,,,,-5.89,-0.74,-8.37,-0.07,0.03,0
,,,,,,,,,,,,,,,,,,,,,,,,,,,,-5.88,-0.75,-8.37,-0.06,0.03,0.01
,,,,,,,,,,,,,,,,,,,,,,,,,,,,-5.91,-0.75,-8.35,-0.07,0.03,0.01
,,,,,,,,,,,,,,,,,,,,,,,,,,,,-5.9,-0.74,-8.37,-0.07,0.03,0.01
,,,,,,,,,,,,,,,,,,,,,,,,,,,,-5.91,-0.74,-8.33,-0.07,0.03,0.01
,,,,,,,,,,,,,,,,,,,,,,,,,,,,-5.92,-0.75,-8.34,-0.07,0.02,0.01
,,,,,,,,,,,,,,,,,,,,,,,,,,,,-5.89,-0.76,-8.34,-0.07,0.02,0.01
,,,,,,,,,,,,,,,,,,,,,,,,,,,,-5.9,-0.78,-8.34,-0.07,0.03,0.01
,,,,,,,,,,,,,,,,,,,,,,,,,,,,-5.9,-0.76,-8.36,-0.06,0.02,0.01
,,,,,,,,,,,,,,,,,,,,,,,,,,,,-5.89,-0.74,-8.35,-0.07,0.03,0.01
,,,,,,,,,,,,,,,,,,,,,,,,,,,,-5.9,-0.75,-8.36,-0.06,0.03,0.01
,,,,,,,,,,,,,,,,,,,,,,,,,,,,-5.9,-0.74,-8.36,-0.06,0.02,0.01
,,,,,,,,,,,,,,,,,,,,,,,,,,,,-5.89,-0.74,-8.36,-0.07,0.03,0.01
,,,,,,,,,,,,,,,,,,,,,,,,,,,,-5.88,-0.76,-8.37,-0.07,0.03,0.01
,,,,,,,,,,,,,,,,,,,,,,,,,,,,-5.9,-0.76,-8.37,-0.07,0.03,0.01
,,,,,,,,,,,,,,,,,,,,,,,,,,,,-5.89,-0.74,-8.36,-0.07,0.02,0.01
,,,,,,,,,,,,,,,,,,,,,,,,,,,,-5.91,-0.76,-8.35,-0.07,0.03,0.01
,,,,,,,,,,,,,,,,,,,,,,,,,,,,-5.91,-0.75,-8.33,-0.06,0.03,0.01
,,,,,,,,,,,,,,,,,,,,,,,,,,,,-5.89,-0.74,-8.36,-0.07,0.03,0.01
,,,,,,,,,,,,,,,,,,,,,,,,,,,,-5.91,-0.74,-8.35,-0.07,0.03,0.01
,,,,,,,,,,,,,,,,,,,,,,,,,,,,-5.91,-0.75,-8.35,-0.07,0.03,0.01
,,,,,,,,,,,,,,,,,,,,,,,,,,,,-5.89,-0.75,-8.34,-0.07,0.03,0.01
,,,,,,,,,,,,,,,,,,,,,,,,,,,,-5.89,-0.73,-8.34,-0.07,0.03,0.01
,,,,,,,,,,,,,,,,,,,,,,,,,,,,-5.9,-0.76,-8.35,-0.07,0.03,0.01
,,,,,,,,,,,,,,,,,,,,,,,,,,,,-5.9,-0.75,-8.34,-0.07,0.03,0.01
,,,,,,,,,,,,,,,,,,,,,,,,,,,,-5.9,-0.76,-8.33,-0.07,0.03,0.01
,,,,,,,,,,,,,,,,,,,,,,,,,,,,-5.91,-0.75,-8.33,-0.07,0.03,0.01
,,,,,,,,,,,,,,,,,,,,,,,,,,,,-5.9,-0.74,-8.35,-0.07,0.03,0.01
,,,,,,,,,,,,,,,,,,,,,,,,,,,,-5.9,-0.75,-8.36,-0.07,0.03,0.01
,,,,,,,,,,,,,,,,,,,,,,,,,,,,-5.9,-0.75,-8.36,-0.07,0.03,0.01
,,,,,,,,,,,,,,,,,,,,,,,,,,,,-5.93,-0.75,-8.35,-0.07,0.03,0.01
,,,,,,,,,,,,,,,,,,,,,,,,,,,,-5.92,-0.76,-8.34,-0.07,0.03,0.01
,,,,,,,,,,,,,,,,,,,,,,,,,,,,-5.92,-0.75,-8.35,-0.07,0.03,0.01
,,,,,,,,,,,,,,,,,,,,,,,,,,,,-5.92,-0.76,-8.35,-0.07,0.03,0.01
,,,,,,,,,,,,,,,,,,,,,,,,,,,,-5.94,-0.76,-8.32,-0.07,0.03,0.01
,,,,,,,,,,,,,,,,,,,,,,,,,,,,-5.91,-0.75,-8.32,-0.07,0.02,0.01
,,,,,,,,,,,,,,,,,,,,,,,,,,,,-5.9,-0.76,-8.35,-0.07,0.03,0.01
,,,,,,,,,,,,,,,,,,,,,,,,,,,,-5.91,-0.76,-8.35,-0.07,0.03,0.01
,,,,,,,,,,,,,,,,,,,,,,,,,,,,-5.9,-0.75,-8.35,-0.07,0.03,0.01
,,,,,,,,,,,,,,,,,,,,,,,,,,,,-5.9,-0.76,-8.36,-0.06,0.03,0.01
,,,,,,,,,,,,,,,,,,,,,,,,,,,,-5.91,-0.75,-8.37,-0.07,0.03,0.01
,,,,,,,,,,,,,,,,,,,,,,,,,,,,-5.89,-0.74,-8.32,-0.07,0.02,0.01
,,,,,,,,,,,,,,,,,,,,,,,,,,,,-5.9,-0.74,-8.34,-0.07,0.03,0.01
,,,,,,,,,,,,,,,,,,,,,,,,,,,,-5.9,-0.73,-8.35,-0.07,0.03,0.01
,,,,,,,,,,,,,,,,,,,,,,,,,,,,-5.9,-0.75,-8.36,-0.07,0.03,0.01
,,,,,,,,,,,,,,,,,,,,,,,,,,,,-5.9,-0.76,-8.32,-0.07,0.03,0.01
,,,,,,,,,,,,,,,,,,,,,,,,,,,,-5.91,-0.75,-8.34,-0.07,0.03,0.01
,,,,,,,,,,,,,,,,,,,,,,,,,,,,-5.89,-0.75,-8.34,-0.07,0.03,0.01
,,,,,,,,,,,,,,,,,,,,,,,,,,,,-5.88,-0.75,-8.34,-0.07,0.03,0.01
,,,,,,,,,,,,,,,,,,,,,,,,,,,,-5.89,-0.76,-8.33,-0.07,0.03,0.01
,,,,,,,,,,,,,,,,,,,,,,,,,,,,-5.91,-0.76,-8.34,-0.07,0.03,0.01
,,,,,,,,,,,,,,,,,,,,,,,,,,,,-5.91,-0.76,-8.35,-0.06,0.03,0.01
,,,,,,,,,,,,,,,,,,,,,,,,,,,,-5.91,-0.76,-8.35,-0.07,0.03,0.01
,,,,,,,,,,,,,,,,,,,,,,,,,,,,-5.89,-0.74,-8.35,-0.07,0.03,0.01
,,,,,,,,,,,,,,,,,,,,,,,,,,,,-5.88,-0.73,-8.35,-0.07,0.03,0.01
,,,,,,,,,,,,,,,,,,,,,,,,,,,,-5.9,-0.73,-8.37,-0.07,0.03,0.01
,,,,,,,,,,,,,,,,,,,,,,,,,,,,-5.88,-0.74,-8.37,-0.07,0.03,0.01
,,,,,,,,,,,,,,,,,,,,,,,,,,,,-5.9,-0.75,-8.34,-0.07,0.03,0.01
,,,,,,,,,,,,,,,,,,,,,,,,,,,,-5.91,-0.76,-8.35,-0.07,0.03,0.01
,,,,,,,,,,,,,,,,,,,,,,,,,,,,-5.89,-0.75,-8.34,-0.07,0.03,0.01
,,,,,,,,,,,,,,,,,,,,,,,,,,,,-5.94,-0.76,-8.35,-0.07,0.03,0.01
,,,,,,,,,,,,,,,,,,,,,,,,,,,,-5.93,-0.74,-8.36,-0.07,0.02,0.01
,,,,,,,,,,,,,,,,,,,,,,,,,,,,-5.88,-0.73,-8.34,-0.07,0.03,0.01
,,,,,,,,,,,,,,,,,,,,,,,,,,,,-5.89,-0.74,-8.32,-0.07,0.03,0.01
,,,,,,,,,,,,,,,,,,,,,,,,,,,,-5.89,-0.76,-8.34,-0.07,0.02,0.01
,,,,,,,,,,,,,,,,,,,,,,,,,,,,-5.9,-0.74,-8.37,-0.07,0.02,0.01
,,,,,,,,,,,,,,,,,,,,,,,,,,,,-5.93,-0.75,-8.36,-0.07,0.03,0.01
,,,,,,,,,,,,,,,,,,,,,,,,,,,,-5.88,-0.74,-8.37,-0.07,0.03,0.01
,,,,,,,,,,,,,,,,,,,,,,,,,,,,-5.89,-0.75,-8.38,-0.07,0.03,0.01
,,,,,,,,,,,,,,,,,,,,,,,,,,,,-5.9,-0.76,-8.37,-0.07,0.03,0.01
,,,,,,,,,,,,,,,,,,,,,,,,,,,,-5.9,-0.75,-8.36,-0.07,0.02,0.01
,,,,,,,,,,,,,,,,,,,,,,,,,,,,-5.9,-0.75,-8.34,-0.07,0.03,0.01
,,,,,,,,,,,,,,,,,,,,,,,,,,,,-5.91,-0.74,-8.33,-0.07,0.03,0.01
,,,,,,,,,,,,,,,,,,,,,,,,,,,,-5.91,-0.77,-8.37,-0.07,0.02,0.01
,,,,,,,,,,,,,,,,,,,,,,,,,,,,-5.88,-0.74,-8.36,-0.07,0.03,0.01
,,,,,,,,,,,,,,,,,,,,,,,,,,,,-5.91,-0.75,-8.37,-0.07,0.03,0.01
,,,,,,,,,,,,,,,,,,,,,,,,,,,,-5.9,-0.75,-8.37,-0.07,0.03,0.01
,,,,,,,,,,,,,,,,,,,,,,,,,,,,-5.9,-0.76,-8.34,-0.07,0.03,0.01
,,,,,,,,,,,,,,,,,,,,,,,,,,,,-5.91,-0.76,-8.36,-0.06,0.03,0.01
,,,,,,,,,,,,,,,,,,,,,,,,,,,,-5.9,-0.75,-8.35,-0.07,0.03,0.01
,,,,,,,,,,,,,,,,,,,,,,,,,,,,-5.91,-0.74,-8.37,-0.07,0.03,0.01
,,,,,,,,,,,,,,,,,,,,,,,,,,,,-5.89,-0.74,-8.34,-0.07,0.03,0.01
,,,,,,,,,,,,,,,,,,,,,,,,,,,,-5.9,-0.74,-8.38,-0.07,0.03,0.01
,,,,,,,,,,,,,,,,,,,,,,,,,,,,-5.89,-0.74,-8.34,-0.07,0.03,0.01
,,,,,,,,,,,,,,,,,,,,,,,,,,,,-5.9,-0.75,-8.36,-0.07,0.03,0.01
,,,,,,,,,,,,,,,,,,,,,,,,,,,,-5.91,-0.76,-8.37,-0.07,0.03,0.01
,,,,,,,,,,,,,,,,,,,,,,,,,,,,-5.89,-0.75,-8.35,-0.07,0.03,0.01
,,,,,,,,,,,,,,,,,,,,,,,,,,,,-5.91,-0.75,-8.36,-0.07,0.03,0.01
,,,,,,,,,,,,,,,,,,,,,,,,,,,,-5.88,-0.75,-8.35,-0.07,0.02,0.01
,,,,,,,,,,,,,,,,,,,,,,,,,,,,-5.88,-0.75,-8.33,-0.06,0.03,0.01
,,,,,,,,,,,,,,,,,,,,,,,,,,,,-5.93,-0.75,-8.36,-0.06,0.04,0.01
,,,,,,,,,,,,,,,,,,,,,,,,,,,,-5.91,-0.73,-8.33,-0.07,0.01,0.01
,,,,,,,,,,,,,,,,,,,,,,,,,,,,-5.91,-0.76,-8.34,-0.06,0.03,0.01
,,,,,,,,,,,,,,,,,,,,,,,,,,,,-5.88,-0.76,-8.35,-0.06,0.03,0.01
,,,,,,,,,,,,,,,,,,,,,,,,,,,,-5.93,-0.72,-8.35,-0.07,0.02,0.01
,,,,,,,,,,,,,,,,,,,,,,,,,,,,-5.86,-0.76,-8.35,-0.07,0.03,0.01
,,,,,,,,,,,,,,,,,,,,,,,,,,,,-5.96,-0.75,-8.35,-0.07,0.03,0.01
,,,,,,,,,,,,,,,,,,,,,,,,,,,,-5.88,-0.75,-8.32,-0.06,0.03,0.01
,,,,,,,,,,,,,,,,,,,,,,,,,,,,-5.91,-0.75,-8.37,-0.06,0.02,0.01
,,,,,,,,,,,,,,,,,,,,,,,,,,,,-5.91,-0.73,-8.34,-0.07,0.04,0.01
,,,,,,,,,,,,,,,,,,,,,,,,,,,,-5.92,-0.75,-8.35,-0.07,0.01,0.01
,,,,,,,,,,,,,,,,,,,,,,,,,,,,-5.9,-0.76,-8.34,-0.07,0.03,0.01
,,,,,,,,,,,,,,,,,,,,,,,,,,,,-5.9,-0.73,-8.32,-0.06,0.03,0.01
,,,,,,,,,,,,,,,,,,,,,,,,,,,,-5.91,-0.73,-8.37,-0.07,0.02,0.01
,,,,,,,,,,,,,,,,,,,,,,,,,,,,-5.88,-0.74,-8.37,-0.07,0.03,0.01
,,,,,,,,,,,,,,,,,,,,,,,,,,,,-5.91,-0.75,-8.33,-0.07,0.03,0.01
,,,,,,,,,,,,,,,,,,,,,,,,,,,,-5.88,-0.75,-8.34,-0.06,0.03,0.01
,,,,,,,,,,,,,,,,,,,,,,,,,,,,-5.88,-0.74,-8.33,-0.07,0.03,0.01
,,,,,,,,,,,,,,,,,,,,,,,,,,,,-5.92,-0.75,-8.32,-0.07,0.03,0
,,,,,,,,,,,,,,,,,,,,,,,,,,,,-5.88,-0.75,-8.38,-0.06,0.02,0.01
,,,,,,,,,,,,,,,,,,,,,,,,,,,,-5.9,-0.75,-8.37,-0.06,0.03,0.01
,,,,,,,,,,,,,,,,,,,,,,,,,,,,-5.9,-0.74,-8.33,-0.07,0.03,0.01
,,,,,,,,,,,,,,,,,,,,,,,,,,,,-5.88,-0.75,-8.35,-0.07,0.02,0.01
,,,,,,,,,,,,,,,,,,,,,,,,,,,,-5.88,-0.75,-8.39,-0.06,0.03,0.01
,,,,,,,,,,,,,,,,,,,,,,,,,,,,-5.92,-0.75,-8.34,-0.06,0.03,0.01
,,,,,,,,,,,,,,,,,,,,,,,,,,,,-5.89,-0.76,-8.32,-0.07,0.02,0.01
,,,,,,,,,,,,,,,,,,,,,,,,,,,,-5.97,-0.81,-8.71,-0.07,0.05,0
,,,,,,,,,,,,,,,,,,,,,,,,,,,,-5.69,-0.74,-8.19,-0.07,0.19,0.03
,,,,,,,,,,,,,,,,,,,,,,,,,,,,-6.25,-0.78,-7.99,-0.05,0.01,0
,,,,,,,,,,,,,,,,,,,,,,,,,,,,-5.94,-0.7,-8.17,-0.07,0.03,0
,,,,,,,,,,,,,,,,,,,,,,,,,,,,-5.89,-0.75,-8.5,-0.06,-0.13,0.02
,,,,,,,,,,,,,,,,,,,,,,,,,,,,-5.66,-0.71,-8.4,-0.08,0.02,0
,,,,,,,,,,,,,,,,,,,,,,,,,,,,-5.88,-0.81,-8.38,-0.08,0.07,0.02
,,,,,,,,,,,,,,,,,,,,,,,,,,,,-6,-0.8,-8.29,-0.06,0.1,0.01
,,,,,,,,,,,,,,,,,,,,,,,,,,,,-5.99,-0.78,-8.32,-0.05,0.04,0.01
,,,,,,,,,,,,,,,,,,,,,,,,,,,,-5.86,-0.72,-8.31,-0.05,0.03,0.01
,,,,,,,,,,,,,,,,,,,,,,,,,,,,-5.94,-0.69,-8.42,-0.06,-0.01,0.01
,,,,,,,,,,,,,,,,,,,,,,,,,,,,-5.84,-0.71,-8.41,-0.08,-0.01,0.01
,,,,,,,,,,,,,,,,,,,,,,,,,,,,-5.86,-0.75,-8.33,-0.08,0,0.01
,,,,,,,,,,,,,,,,,,,,,,,,,,,,-5.88,-0.82,-8.33,-0.07,0.05,0
,,,,,,,,,,,,,,,,,,,,,,,,,,,,-5.94,-0.79,-8.34,-0.05,0.05,0.01
,,,,,,,,,,,,,,,,,,,,,,,,,,,,-5.91,-0.74,-8.38,-0.05,0.05,0.01
,,,,,,,,,,,,,,,,,,,,,,,,,,,,-5.89,-0.69,-8.33,-0.06,0.02,0.02
,,,,,,,,,,,,,,,,,,,,,,,,,,,,-5.91,-0.72,-8.37,-0.08,0.02,0.01
,,,,,,,,,,,,,,,,,,,,,,,,,,,,-5.91,-0.74,-8.36,-0.08,0.01,0
,,,,,,,,,,,,,,,,,,,,,,,,,,,,-5.91,-0.78,-8.34,-0.07,0,0
,,,,,,,,,,,,,,,,,,,,,,,,,,,,-5.84,-0.79,-8.34,-0.07,0.03,0
,,,,,,,,,,,,,,,,,,,,,,,,,,,,-5.87,-0.78,-8.4,-0.06,0.05,0.01
,,,,,,,,,,,,,,,,,,,,,,,,,,,,-5.88,-0.74,-8.38,-0.06,0.05,0.02
,,,,,,,,,,,,,,,,,,,,,,,,,,,,-5.93,-0.72,-8.31,-0.06,0.04,0.02
,,,,,,,,,,,,,,,,,,,,,,,,,,,,-5.93,-0.71,-8.28,-0.06,0.02,0.01
,,,,,,,,,,,,,,,,,,,,,,,,,,,,-5.91,-0.74,-8.34,-0.07,0.01,0
,,,,,,,,,,,,,,,,,,,,,,,,,,,,-5.89,-0.75,-8.37,-0.07,0.01,0
,,,,,,,,,,,,,,,,,,,,,,,,,,,,-5.87,-0.77,-8.38,-0.07,0.03,0.01
,,,,,,,,,,,,,,,,,,,,,,,,,,,,-5.89,-0.76,-8.37,-0.07,0.05,0.02
,,,,,,,,,,,,,,,,,,,,,,,,,,,,-5.93,-0.76,-8.37,-0.06,0.05,0.01
,,,,,,,,,,,,,,,,,,,,,,,,,,,,-5.93,-0.75,-8.32,-0.07,0.04,0
,,,,,,,,,,,,,,,,,,,,,,,,,,,,-5.89,-0.76,-8.33,-0.07,0.02,0
,,,,,,,,,,,,,,,,,,,,,,,,,,,,-5.88,-0.74,-8.37,-0.07,0.01,0
,,,,,,,,,,,,,,,,,,,,,,,,,,,,-5.9,-0.75,-8.39,-0.07,0.02,0.01
,,,,,,,,,,,,,,,,,,,,,,,,,,,,-5.88,-0.74,-8.33,-0.07,0.03,0.02
,,,,,,,,,,,,,,,,,,,,,,,,,,,,-5.91,-0.75,-8.31,-0.07,0.04,0.02
,,,,,,,,,,,,,,,,,,,,,,,,,,,,-5.91,-0.75,-8.34,-0.06,0.04,0.01
,,,,,,,,,,,,,,,,,,,,,,,,,,,,-5.91,-0.74,-8.37,-0.06,0.03,0.01
,,,,,,,,,,,,,,,,,,,,,,,,,,,,-5.91,-0.76,-8.36,-0.07,0.02,0.01
,,,,,,,,,,,,,,,,,,,,,,,,,,,,-5.88,-0.75,-8.35,-0.07,0.01,0.01
,,,,,,,,,,,,,,,,,,,,,,,,,,,,-5.89,-0.74,-8.34,-0.07,0.01,0.01
,,,,,,,,,,,,,,,,,,,,,,,,,,,,-5.94,-0.74,-8.34,-0.07,0.03,0.01
,,,,,,,,,,,,,,,,,,,,,,,,,,,,-5.92,-0.74,-8.38,-0.06,0.03,0.01
,,,,,,,,,,,,,,,,,,,,,,,,,,,,-5.85,-0.73,-8.37,-0.06,0.04,0.01
,,,,,,,,,,,,,,,,,,,,,,,,,,,,-5.92,-0.74,-8.35,-0.07,0.04,0
,,,,,,,,,,,,,,,,,,,,,,,,,,,,-5.93,-0.76,-8.35,-0.07,0.01,0.01
,,,,,,,,,,,,,,,,,,,,,,,,,,,,-5.91,-0.76,-8.34,-0.07,0,0.01
,,,,,,,,,,,,,,,,,,,,,,,,,,,,-5.89,-0.75,-8.36,-0.06,0.03,0.01
,,,,,,,,,,,,,,,,,,,,,,,,,,,,-5.88,-0.74,-8.37,-0.06,0.03,0.01
,,,,,,,,,,,,,,,,,,,,,,,,,,,,-5.9,-0.73,-8.37,-0.07,0.04,0.01
,,,,,,,,,,,,,,,,,,,,,,,,,,,,-5.92,-0.75,-8.34,-0.07,0.04,0
,,,,,,,,,,,,,,,,,,,,,,,,,,,,-5.92,-0.75,-8.35,-0.06,0.03,0.01
,,,,,,,,,,,,,,,,,,,,,,,,,,,,-5.89,-0.75,-8.33,-0.06,0.02,0.01
,,,,,,,,,,,,,,,,,,,,,,,,,,,,-5.89,-0.76,-8.35,-0.07,0.02,0.01
,,,,,,,,,,,,,,,,,,,,,,,,,,,,-5.89,-0.75,-8.36,-0.07,0.02,0.01
,,,,,,,,,,,,,,,,,,,,,,,,,,,,-5.86,-0.74,-8.35,-0.07,0.03,0.01
,,,,,,,,,,,,,,,,,,,,,,,,,,,,-5.91,-0.74,-8.35,-0.06,0.05,0.01
,,,,,,,,,,,,,,,,,,,,,,,,,,,,-5.92,-0.75,-8.34,-0.07,0.03,0.01
,,,,,,,,,,,,,,,,,,,,,,,,,,,,-5.91,-0.77,-8.33,-0.07,0.02,0.01
,,,,,,,,,,,,,,,,,,,,,,,,,,,,-5.91,-0.79,-8.37,-0.06,0.03,0.01
,,,,,,,,,,,,,,,,,,,,,,,,,,,,-5.9,-0.74,-8.38,-0.06,0.02,0.01
,,,,,,,,,,,,,,,,,,,,,,,,,,,,-5.89,-0.75,-8.38,-0.07,0.02,0.01
,,,,,,,,,,,,,,,,,,,,,,,,,,,,-5.92,-0.78,-8.32,-0.07,0.04,0
,,,,,,,,,,,,,,,,,,,,,,,,,,,,-5.93,-0.76,-8.35,-0.06,0.03,0.01
,,,,,,,,,,,,,,,,,,,,,,,,,,,,-5.9,-0.74,-8.34,-0.06,0.03,0.01
,,,,,,,,,,,,,,,,,,,,,,,,,,,,-5.92,-0.74,-8.38,-0.07,0.03,0.01
,,,,,,,,,,,,,,,,,,,,,,,,,,,,-5.93,-0.75,-8.37,-0.07,0.02,0.01
,,,,,,,,,,,,,,,,,,,,,,,,,,,,-5.89,-0.77,-8.43,-0.07,0.02,0.01
,,,,,,,,,,,,,,,,,,,,,,,,,,,,-5.85,-0.75,-8.46,-0.06,0.07,0.02
,,,,,,,,,,,,,,,,,,,,,,,,,,,,-6.06,-0.74,-8.2,-0.06,0.04,0
,,,,,,,,,,,,,,,,,,,,,,,,,,,,-5.83,-0.73,-8.26,-0.07,0.02,0.02
,,,,,,,,,,,,,,,,,,,,,,,,,,,,-5.92,-0.76,-8.39,-0.06,-0.02,0.01
,,,,,,,,,,,,,,,,,,,,,,,,,,,,-5.83,-0.75,-8.37,-0.06,0.01,0
,,,,,,,,,,,,,,,,,,,,,,,,,,,,-5.9,-0.77,-8.38,-0.07,0.03,0.01
,,,,,,,,,,,,,,,,,,,,,,,,,,,,-5.93,-0.77,-8.35,-0.07,0.05,0
,,,,,,,,,,,,,,,,,,,,,,,,,,,,-5.93,-0.77,-8.35,-0.06,0.03,0.01
,,,,,,,,,,,,,,,,,,,,,,,,,,,,-5.86,-0.74,-8.34,-0.06,0.03,0.01
,,,,,,,,,,,,,,,,,,,,,,,,,,,,-5.91,-0.73,-8.37,-0.07,0.03,0.01
,,,,,,,,,,,,,,,,,,,,,,,,,,,,-5.89,-0.75,-8.35,-0.07,0.01,0.01
,,,,,,,,,,,,,,,,,,,,,,,,,,,,-5.89,-0.75,-8.36,-0.07,0.02,0.01
,,,,,,,,,,,,,,,,,,,,,,,,,,,,-5.88,-0.77,-8.35,-0.07,0.04,0.01
,,,,,,,,,,,,,,,,,,,,,,,,,,,,-5.9,-0.75,-8.35,-0.06,0.03,0.01
,,,,,,,,,,,,,,,,,,,,,,,,,,,,-5.9,-0.76,-8.36,-0.06,0.04,0.01
,,,,,,,,,,,,,,,,,,,,,,,,,,,,-5.9,-0.76,-8.37,-0.06,0.03,0.01
,,,,,,,,,,,,,,,,,,,,,,,,,,,,-5.91,-0.75,-8.36,-0.07,0.03,0.01
,,,,,,,,,,,,,,,,,,,,,,,,,,,,-5.85,-0.73,-8.32,-0.07,0.04,0.01
,,,,,,,,,,,,,,,,,,,,,,,,,,,,-5.97,-0.75,-8.3,-0.07,0,0
,,,,,,,,,,,,,,,,,,,,,,,,,,,,-5.89,-0.76,-8.33,-0.07,0.03,0
,,,,,,,,,,,,,,,,,,,,,,,,,,,,-5.87,-0.75,-8.37,-0.06,0.02,0.01
,,,,,,,,,,,,,,,,,,,,,,,,,,,,-5.88,-0.74,-8.31,-0.07,0.04,0.01
,,,,,,,,,,,,,,,,,,,,,,,,,,,,-5.92,-0.75,-8.34,-0.07,0.03,0.01
,,,,,,,,,,,,,,,,,,,,,,,,,,,,-5.91,-0.75,-8.32,-0.07,0.03,0.01
,,,,,,,,,,,,,,,,,,,,,,,,,,,,-5.92,-0.74,-8.33,-0.06,0.03,0
,,,,,,,,,,,,,,,,,,,,,,,,,,,,-5.88,-0.75,-8.35,-0.06,0.02,0.01
,,,,,,,,,,,,,,,,,,,,,,,,,,,,-5.88,-0.74,-8.37,-0.07,0.02,0.01
,,,,,,,,,,,,,,,,,,,,,,,,,,,,-5.89,-0.75,-8.36,-0.07,0.03,0.01
,,,,,,,,,,,,,,,,,,,,,,,,,,,,-5.91,-0.74,-8.33,-0.07,0.03,0.01
,,,,,,,,,,,,,,,,,,,,,,,,,,,,-5.89,-0.74,-8.35,-0.06,0.03,0.01
,,,,,,,,,,,,,,,,,,,,,,,,,,,,-5.91,-0.75,-8.34,-0.06,0.03,0
,,,,,,,,,,,,,,,,,,,,,,,,,,,,-5.9,-0.74,-8.36,-0.07,0.02,0.01
,,,,,,,,,,,,,,,,,,,,,,,,,,,,-5.91,-0.76,-8.37,-0.07,0.02,0.01
,,,,,,,,,,,,,,,,,,,,,,,,,,,,-5.91,-0.77,-8.38,-0.06,0.03,0.01
,,,,,,,,,,,,,,,,,,,,,,,,,,,,-5.91,-0.73,-8.34,-0.06,0.03,0.01
,,,,,,,,,,,,,,,,,,,,,,,,,,,,-5.88,-0.75,-8.33,-0.07,0.02,0.01
,,,,,,,,,,,,,,,,,,,,,,,,,,,,-5.92,-0.77,-8.33,-0.07,0.03,0.01
,,,,,,,,,,,,,,,,,,,,,,,,,,,,-5.9,-0.75,-8.4,-0.07,0.03,0.01
,,,,,,,,,,,,,,,,,,,,,,,,,,,,-5.88,-0.74,-8.34,-0.07,0.02,0.01
,,,,,,,,,,,,,,,,,,,,,,,,,,,,-5.92,-0.73,-8.33,-0.06,0.03,0.01
,,,,,,,,,,,,,,,,,,,,,,,,,,,,-5.89,-0.74,-8.37,-0.07,0.02,0.01
,,,,,,,,,,,,,,,,,,,,,,,,,,,,-5.89,-0.74,-8.35,-0.07,0.03,0.01
,,,,,,,,,,,,,,,,,,,,,,,,,,,,-5.9,-0.75,-8.34,-0.06,0.03,0.01
,,,,,,,,,,,,,,,,,,,,,,,,,,,,-5.91,-0.75,-8.34,-0.07,0.03,0.01
,,,,,,,,,,,,,,,,,,,,,,,,,,,,-5.9,-0.75,-8.37,-0.07,0.03,0.01
,,,,,,,,,,,,,,,,,,,,,,,,,,,,-5.91,-0.75,-8.36,-0.07,0.03,0.01
,,,,,,,,,,,,,,,,,,,,,,,,,,,,-5.91,-0.74,-8.34,-0.07,0.02,0.01
,,,,,,,,,,,,,,,,,,,,,,,,,,,,-5.9,-0.76,-8.34,-0.07,0.03,0.01
,,,,,,,,,,,,,,,,,,,,,,,,,,,,-5.92,-0.75,-8.36,-0.07,0.03,0.01
,,,,,,,,,,,,,,,,,,,,,,,,,,,,-5.91,-0.73,-8.37,-0.07,0.03,0.01
,,,,,,,,,,,,,,,,,,,,,,,,,,,,-5.9,-0.75,-8.33,-0.07,0.03,0.01
,,,,,,,,,,,,,,,,,,,,,,,,,,,,-5.91,-0.75,-8.33,-0.07,0.03,0.01
,,,,,,,,,,,,,,,,,,,,,,,,,,,,-5.89,-0.74,-8.33,-0.07,0.02,0.01
,,,,,,,,,,,,,,,,,,,,,,,,,,,,-5.88,-0.76,-8.35,-0.06,0.03,0.01
,,,,,,,,,,,,,,,,,,,,,,,,,,,,-5.89,-0.75,-8.36,-0.07,0.03,0.01
,,,,,,,,,,,,,,,,,,,,,,,,,,,,-5.91,-0.75,-8.34,-0.07,0.02,0.01
,,,,,,,,,,,,,,,,,,,,,,,,,,,,-5.91,-0.74,-8.34,-0.06,0.03,0.01
,,,,,,,,,,,,,,,,,,,,,,,,,,,,-5.89,-0.75,-8.37,-0.07,0.03,0.01
,,,,,,,,,,,,,,,,,,,,,,,,,,,,-5.92,-0.76,-8.34,-0.06,0.02,0.01
,,,,,,,,,,,,,,,,,,,,,,,,,,,,-5.9,-0.76,-8.37,-0.07,0.02,0.01
,,,,,,,,,,,,,,,,,,,,,,,,,,,,-5.91,-0.76,-8.35,-0.07,0.03,0.01
,,,,,,,,,,,,,,,,,,,,,,,,,,,,-5.91,-0.76,-8.35,-0.06,0.02,0.01
,,,,,,,,,,,,,,,,,,,,,,,,,,,,-5.91,-0.76,-8.33,-0.07,0.03,0.01
,,,,,,,,,,,,,,,,,,,,,,,,,,,,-5.91,-0.74,-8.34,-0.07,0.03,0.01
,,,,,,,,,,,,,,,,,,,,,,,,,,,,-5.89,-0.74,-8.38,-0.07,0.03,0.01
,,,,,,,,,,,,,,,,,,,,,,,,,,,,-5.92,-0.75,-8.38,-0.07,0.03,0.01
,,,,,,,,,,,,,,,,,,,,,,,,,,,,-5.92,-0.76,-8.34,-0.07,0.03,0.01
,,,,,,,,,,,,,,,,,,,,,,,,,,,,-5.91,-0.75,-8.35,-0.07,0.02,0.01
,,,,,,,,,,,,,,,,,,,,,,,,,,,,-5.9,-0.75,-8.35,-0.07,0.03,0.01
,,,,,,,,,,,,,,,,,,,,,,,,,,,,-5.9,-0.74,-8.36,-0.07,0.03,0.01
,,,,,,,,,,,,,,,,,,,,,,,,,,,,-5.9,-0.74,-8.38,-0.07,0.03,0.01
,,,,,,,,,,,,,,,,,,,,,,,,,,,,-5.91,-0.76,-8.31,-0.07,0.03,0.01
,,,,,,,,,,,,,,,,,,,,,,,,,,,,-5.91,-0.74,-8.34,-0.07,0.03,0.01
,,,,,,,,,,,,,,,,,,,,,,,,,,,,-5.89,-0.75,-8.36,-0.07,0.03,0.01
,,,,,,,,,,,,,,,,,,,,,,,,,,,,-5.9,-0.74,-8.36,-0.07,0.03,0.01
,,,,,,,,,,,,,,,,,,,,,,,,,,,,-5.92,-0.75,-8.34,-0.07,0.03,0.01
,,,,,,,,,,,,,,,,,,,,,,,,,,,,-5.91,-0.73,-8.35,-0.07,0.03,0.01
,,,,,,,,,,,,,,,,,,,,,,,,,,,,-5.9,-0.74,-8.36,-0.07,0.03,0.01
,,,,,,,,,,,,,,,,,,,,,,,,,,,,-5.9,-0.76,-8.37,-0.07,0.03,0.01
,,,,,,,,,,,,,,,,,,,,,,,,,,,,-5.89,-0.75,-8.37,-0.07,0.03,0.01
,,,,,,,,,,,,,,,,,,,,,,,,,,,,-5.9,-0.75,-8.33,-0.07,0.03,0.01
,,,,,,,,,,,,,,,,,,,,,,,,,,,,-5.92,-0.73,-8.35,-0.07,0.03,0.01
,,,,,,,,,,,,,,,,,,,,,,,,,,,,-5.92,-0.74,-8.35,-0.07,0.03,0.01
,,,,,,,,,,,,,,,,,,,,,,,,,,,,-5.91,-0.75,-8.38,-0.07,0.03,0.01
,,,,,,,,,,,,,,,,,,,,,,,,,,,,-5.9,-0.74,-8.35,-0.06,0.03,0.01
,,,,,,,,,,,,,,,,,,,,,,,,,,,,-5.9,-0.74,-8.37,-0.07,0.03,0.01
,,,,,,,,,,,,,,,,,,,,,,,,,,,,-5.91,-0.74,-8.35,-0.07,0.02,0.01
,,,,,,,,,,,,,,,,,,,,,,,,,,,,-5.91,-0.77,-8.34,-0.07,0.03,0.01
,,,,,,,,,,,,,,,,,,,,,,,,,,,,-5.9,-0.76,-8.37,-0.07,0.03,0.01
,,,,,,,,,,,,,,,,,,,,,,,,,,,,-5.9,-0.75,-8.37,-0.07,0.02,0.01
,,,,,,,,,,,,,,,,,,,,,,,,,,,,-5.89,-0.75,-8.35,-0.07,0.03,0.01
,,,,,,,,,,,,,,,,,,,,,,,,,,,,-5.91,-0.76,-8.35,-0.07,0.03,0.01
,,,,,,,,,,,,,,,,,,,,,,,,,,,,-5.9,-0.74,-8.34,-0.07,0.03,0.01
,,,,,,,,,,,,,,,,,,,,,,,,,,,,-5.88,-0.75,-8.37,-0.07,0.03,0.01
,,,,,,,,,,,,,,,,,,,,,,,,,,,,-5.91,-0.75,-8.34,-0.06,0.03,0.01
,,,,,,,,,,,,,,,,,,,,,,,,,,,,-5.89,-0.75,-8.34,-0.07,0.03,0.01
,,,,,,,,,,,,,,,,,,,,,,,,,,,,-5.9,-0.77,-8.34,-0.07,0.03,0.01
,,,,,,,,,,,,,,,,,,,,,,,,,,,,-5.9,-0.76,-8.33,-0.07,0.03,0.01
,,,,,,,,,,,,,,,,,,,,,,,,,,,,-5.91,-0.74,-8.34,-0.07,0.03,0.01
,,,,,,,,,,,,,,,,,,,,,,,,,,,,-5.91,-0.74,-8.34,-0.07,0.03,0.01
,,,,,,,,,,,,,,,,,,,,,,,,,,,,-5.91,-0.76,-8.34,-0.07,0.03,0.01
,,,,,,,,,,,,,,,,,,,,,,,,,,,,-5.9,-0.73,-8.35,-0.07,0.03,0.01
,,,,,,,,,,,,,,,,,,,,,,,,,,,,-5.91,-0.76,-8.37,-0.07,0.03,0.01
,,,,,,,,,,,,,,,,,,,,,,,,,,,,-5.89,-0.76,-8.37,-0.07,0.03,0.01
,,,,,,,,,,,,,,,,,,,,,,,,,,,,-5.89,-0.75,-8.34,-0.07,0.03,0.01
,,,,,,,,,,,,,,,,,,,,,,,,,,,,-5.9,-0.76,-8.37,-0.07,0.03,0.01
,,,,,,,,,,,,,,,,,,,,,,,,,,,,-5.91,-0.77,-8.35,-0.07,0.03,0.01
,,,,,,,,,,,,,,,,,,,,,,,,,,,,-5.89,-0.74,-8.33,-0.06,0.03,0.01
,,,,,,,,,,,,,,,,,,,,,,,,,,,,-5.91,-0.75,-8.35,-0.07,0.03,0.01
,,,,,,,,,,,,,,,,,,,,,,,,,,,,-5.91,-0.74,-8.37,-0.07,0.03,0.01
,,,,,,,,,,,,,,,,,,,,,,,,,,,,-5.89,-0.75,-8.34,-0.07,0.03,0.01
,,,,,,,,,,,,,,,,,,,,,,,,,,,,-5.9,-0.76,-8.36,-0.07,0.03,0.01
,,,,,,,,,,,,,,,,,,,,,,,,,,,,-5.88,-0.74,-8.35,-0.07,0.03,0.01
,,,,,,,,,,,,,,,,,,,,,,,,,,,,-5.89,-0.76,-8.36,-0.07,0.03,0.01
,,,,,,,,,,,,,,,,,,,,,,,,,,,,-5.9,-0.78,-8.34,-0.07,0.02,0.01
,,,,,,,,,,,,,,,,,,,,,,,,,,,,-5.88,-0.76,-8.32,-0.06,0.03,0.01
,,,,,,,,,,,,,,,,,,,,,,,,,,,,-5.91,-0.73,-8.36,-0.06,0.03,0.01
,,,,,,,,,,,,,,,,,,,,,,,,,,,,-5.9,-0.75,-8.34,-0.06,0.03,0.01
,,,,,,,,,,,,,,,,,,,,,,,,,,,,-5.9,-0.76,-8.37,-0.07,0.03,0.01
,,,,,,,,,,,,,,,,,,,,,,,,,,,,-5.89,-0.76,-8.34,-0.07,0.03,0.01
,,,,,,,,,,,,,,,,,,,,,,,,,,,,-5.87,-0.76,-8.32,-0.07,0.02,0.01
,,,,,,,,,,,,,,,,,,,,,,,,,,,,-5.91,-0.76,-8.34,-0.07,0.03,0.01
,,,,,,,,,,,,,,,,,,,,,,,,,,,,-5.9,-0.75,-8.34,-0.07,0.03,0.01
,,,,,,,,,,,,,,,,,,,,,,,,,,,,-5.91,-0.74,-8.35,-0.07,0.03,0.01
,,,,,,,,,,,,,,,,,,,,,,,,,,,,-5.91,-0.74,-8.35,-0.07,0.03,0.01
,,,,,,,,,,,,,,,,,,,,,,,,,,,,-5.91,-0.76,-8.36,-0.07,0.03,0.01
,,,,,,,,,,,,,,,,,,,,,,,,,,,,-5.92,-0.76,-8.35,-0.07,0.03,0.01
,,,,,,,,,,,,,,,,,,,,,,,,,,,,-5.92,-0.74,-8.36,-0.07,0.03,0.01
,,,,,,,,,,,,,,,,,,,,,,,,,,,,-5.9,-0.74,-8.36,-0.07,0.03,0.01
,,,,,,,,,,,,,,,,,,,,,,,,,,,,-5.91,-0.77,-8.36,-0.07,0.03,0.01
,,,,,,,,,,,,,,,,,,,,,,,,,,,,-5.9,-0.75,-8.35,-0.07,0.03,0.01
,,,,,,,,,,,,,,,,,,,,,,,,,,,,-5.91,-0.76,-8.36,-0.07,0.03,0.01
,,,,,,,,,,,,,,,,,,,,,,,,,,,,-5.89,-0.76,-8.35,-0.07,0.03,0.01
,,,,,,,,,,,,,,,,,,,,,,,,,,,,-5.9,-0.75,-8.32,-0.07,0.03,0.01
,,,,,,,,,,,,,,,,,,,,,,,,,,,,-5.89,-0.75,-8.35,-0.07,0.03,0.01
,,,,,,,,,,,,,,,,,,,,,,,,,,,,-5.89,-0.73,-8.35,-0.07,0.03,0.01
,,,,,,,,,,,,,,,,,,,,,,,,,,,,-5.91,-0.75,-8.34,-0.07,0.03,0.01
,,,,,,,,,,,,,,,,,,,,,,,,,,,,-5.91,-0.76,-8.35,-0.07,0.03,0.01
,,,,,,,,,,,,,,,,,,,,,,,,,,,,-5.89,-0.77,-8.37,-0.07,0.03,0.01
,,,,,,,,,,,,,,,,,,,,,,,,,,,,-5.91,-0.76,-8.33,-0.07,0.02,0.01
,,,,,,,,,,,,,,,,,,,,,,,,,,,,-5.88,-0.74,-8.34,-0.07,0.02,0.01
,,,,,,,,,,,,,,,,,,,,,,,,,,,,-5.89,-0.75,-8.35,-0.06,0.03,0.01
,,,,,,,,,,,,,,,,,,,,,,,,,,,,-5.91,-0.75,-8.35,-0.07,0.03,0.01
,,,,,,,,,,,,,,,,,,,,,,,,,,,,-5.89,-0.76,-8.37,-0.07,0.02,0.01
,,,,,,,,,,,,,,,,,,,,,,,,,,,,-5.92,-0.77,-8.35,-0.07,0.03,0.01
,,,,,,,,,,,,,,,,,,,,,,,,,,,,-5.9,-0.74,-8.38,-0.07,0.03,0.01
,,,,,,,,,,,,,,,,,,,,,,,,,,,,-5.92,-0.73,-8.34,-0.06,0.02,0.01
,,,,,,,,,,,,,,,,,,,,,,,,,,,,-5.9,-0.75,-8.36,-0.07,0.03,0.01
,,,,,,,,,,,,,,,,,,,,,,,,,,,,-5.91,-0.74,-8.33,-0.06,0.02,0.01
,,,,,,,,,,,,,,,,,,,,,,,,,,,,-5.89,-0.74,-8.38,-0.07,0.03,0.01
,,,,,,,,,,,,,,,,,,,,,,,,,,,,-5.88,-0.74,-8.36,-0.07,0.02,0.01
,,,,,,,,,,,,,,,,,,,,,,,,,,,,-5.93,-0.76,-8.39,-0.07,0.03,0.01
,,,,,,,,,,,,,,,,,,,,,,,,,,,,-5.89,-0.76,-8.31,-0.07,0.02,0.01
,,,,,,,,,,,,,,,,,,,,,,,,,,,,-5.92,-0.75,-8.36,-0.06,0.03,0.01
,,,,,,,,,,,,,,,,,,,,,,,,,,,,-5.92,-0.73,-8.39,-0.06,0.03,0.01
,,,,,,,,,,,,,,,,,,,,,,,,,,,,-5.91,-0.74,-8.34,-0.07,0.02,0.01
,,,,,,,,,,,,,,,,,,,,,,,,,,,,-5.89,-0.75,-8.38,-0.07,0.03,0.01
,,,,,,,,,,,,,,,,,,,,,,,,,,,,-5.88,-0.76,-8.4,-0.06,0.03,0.01
,,,,,,,,,,,,,,,,,,,,,,,,,,,,-5.9,-0.75,-8.34,-0.07,0.03,0.01
,,,,,,,,,,,,,,,,,,,,,,,,,,,,-5.89,-0.76,-8.37,-0.07,0.03,0.01
,,,,,,,,,,,,,,,,,,,,,,,,,,,,-5.91,-0.75,-8.38,-0.07,0.03,0.01
,,,,,,,,,,,,,,,,,,,,,,,,,,,,-5.89,-0.75,-8.32,-0.07,0.02,0.01
,,,,,,,,,,,,,,,,,,,,,,,,,,,,-5.88,-0.73,-8.34,-0.06,0.03,0.01
,,,,,,,,,,,,,,,,,,,,,,,,,,,,-5.92,-0.74,-8.35,-0.07,0.03,0.01
,,,,,,,,,,,,,,,,,,,,,,,,,,,,-5.9,-0.75,-8.36,-0.07,0.02,0.01
,,,,,,,,,,,,,,,,,,,,,,,,,,,,-5.91,-0.75,-8.31,-0.07,0.03,0.01
,,,,,,,,,,,,,,,,,,,,,,,,,,,,-5.89,-0.75,-8.35,-0.06,0.02,0.01
,,,,,,,,,,,,,,,,,,,,,,,,,,,,-5.89,-0.75,-8.36,-0.07,0.03,0.01
,,,,,,,,,,,,,,,,,,,,,,,,,,,,-5.88,-0.76,-8.36,-0.05,-0.02,-0.01
,,,,,,,,,,,,,,,,,,,,,,,,,,,,-5.89,-0.73,-8.02,-0.07,0.17,0.03
,,,,,,,,,,,,,,,,,,,,,,,,,,,,-5.98,-0.75,-8.41,-0.05,-0.06,0.02
,,,,,,,,,,,,,,,,,,,,,,,,,,,,-6.1,-0.71,-8.4,-0.07,0.01,-0.01
,,,,,,,,,,,,,,,,,,,,,,,,,,,,-5.78,-0.74,-8.44,-0.07,-0.1,0.01
,,,,,,,,,,,,,,,,,,,,,,,,,,,,-5.7,-0.71,-8.46,-0.09,0.04,0.01
,,,,,,,,,,,,,,,,,,,,,,,,,,,,-5.88,-0.8,-8.39,-0.08,0.09,0.01
,,,,,,,,,,,,,,,,,,,,,,,,,,,,-6.03,-0.78,-8.26,-0.06,0.1,0.01
,,,,,,,,,,,,,,,,,,,,,,,,,,,,-5.92,-0.78,-8.28,-0.05,0.01,0.01
,,,,,,,,,,,,,,,,,,,,,,,,,,,,-5.89,-0.72,-8.42,-0.06,0.04,0
,,,,,,,,,,,,,,,,,,,,,,,,,,,,-5.91,-0.71,-8.38,-0.07,-0.03,0.02
,,,,,,,,,,,,,,,,,,,,,,,,,,,,-5.87,-0.73,-8.39,-0.08,-0.01,0.01
,,,,,,,,,,,,,,,,,,,,,,,,,,,,-5.84,-0.76,-8.34,-0.08,0.01,0.01
,,,,,,,,,,,,,,,,,,,,,,,,,,,,-5.94,-0.79,-8.34,-0.07,0.07,0
,,,,,,,,,,,,,,,,,,,,,,,,,,,,-5.93,-0.79,-8.33,-0.05,0.04,0.01
,,,,,,,,,,,,,,,,,,,,,,,,,,,,-5.9,-0.75,-8.36,-0.05,0.04,0.01
,,,,,,,,,,,,,,,,,,,,,,,,,,,,-5.88,-0.7,-8.41,-0.06,0.02,0.02
,,,,,,,,,,,,,,,,,,,,,,,,,,,,-5.9,-0.73,-8.34,-0.08,0.01,0.01
,,,,,,,,,,,,,,,,,,,,,,,,,,,,-5.94,-0.76,-8.32,-0.08,0,0
,,,,,,,,,,,,,,,,,,,,,,,,,,,,-5.88,-0.76,-8.36,-0.07,0,0
,,,,,,,,,,,,,,,,,,,,,,,,,,,,-5.84,-0.76,-8.38,-0.06,0.04,0
,,,,,,,,,,,,,,,,,,,,,,,,,,,,-5.9,-0.76,-8.35,-0.06,0.05,0.01
,,,,,,,,,,,,,,,,,,,,,,,,,,,,-5.91,-0.74,-8.33,-0.06,0.04,0.02
,,,,,,,,,,,,,,,,,,,,,,,,,,,,-5.93,-0.73,-8.33,-0.06,0.03,0.02
,,,,,,,,,,,,,,,,,,,,,,,,,,,,-5.94,-0.71,-8.33,-0.07,0.02,0
,,,,,,,,,,,,,,,,,,,,,,,,,,,,-5.92,-0.75,-8.32,-0.07,0,0
,,,,,,,,,,,,,,,,,,,,,,,,,,,,-5.86,-0.76,-8.38,-0.07,0.01,0
,,,,,,,,,,,,,,,,,,,,,,,,,,,,-5.87,-0.77,-8.42,-0.07,0.04,0.01
,,,,,,,,,,,,,,,,,,,,,,,,,,,,-5.91,-0.77,-8.3,-0.07,0.05,0.02
,,,,,,,,,,,,,,,,,,,,,,,,,,,,-5.92,-0.73,-8.27,-0.07,0.04,0.01
,,,,,,,,,,,,,,,,,,,,,,,,,,,,-5.95,-0.73,-8.34,-0.07,0.03,0
,,,,,,,,,,,,,,,,,,,,,,,,,,,,-5.92,-0.74,-8.4,-0.07,0.01,0
,,,,,,,,,,,,,,,,,,,,,,,,,,,,-5.88,-0.75,-8.37,-0.07,0.02,0
,,,,,,,,,,,,,,,,,,,,,,,,,,,,-5.9,-0.76,-8.37,-0.07,0.02,0.01
,,,,,,,,,,,,,,,,,,,,,,,,,,,,-5.9,-0.75,-8.37,-0.07,0.03,0.02
,,,,,,,,,,,,,,,,,,,,,,,,,,,,-5.9,-0.74,-8.33,-0.06,0.04,0.01
,,,,,,,,,,,,,,,,,,,,,,,,,,,,-5.93,-0.74,-8.34,-0.06,0.04,0.01
,,,,,,,,,,,,,,,,,,,,,,,,,,,,-5.91,-0.74,-8.37,-0.06,0.02,0.01
,,,,,,,,,,,,,,,,,,,,,,,,,,,,-5.89,-0.75,-8.35,-0.07,0.02,0.01
,,,,,,,,,,,,,,,,,,,,,,,,,,,,-5.93,-0.75,-8.36,-0.07,0.02,0.01
,,,,,,,,,,,,,,,,,,,,,,,,,,,,-5.9,-0.76,-8.32,-0.07,0.01,0.01
,,,,,,,,,,,,,,,,,,,,,,,,,,,,-5.89,-0.74,-8.35,-0.07,0.03,0.01
,,,,,,,,,,,,,,,,,,,,,,,,,,,,-5.91,-0.74,-8.37,-0.06,0.03,0.01
,,,,,,,,,,,,,,,,,,,,,,,,,,,,-5.88,-0.74,-8.35,-0.07,0.03,0.01
,,,,,,,,,,,,,,,,,,,,,,,,,,,,-5.92,-0.75,-8.33,-0.07,0.04,0.01
,,,,,,,,,,,,,,,,,,,,,,,,,,,,-5.95,-0.76,-8.33,-0.07,0.02,0.01
,,,,,,,,,,,,,,,,,,,,,,,,,,,,-5.9,-0.76,-8.33,-0.07,0,0.01
,,,,,,,,,,,,,,,,,,,,,,,,,,,,-5.83,-0.76,-8.34,-0.06,0.03,0.01
,,,,,,,,,,,,,,,,,,,,,,,,,,,,-5.9,-0.74,-8.38,-0.06,0.03,0.01
,,,,,,,,,,,,,,,,,,,,,,,,,,,,-5.89,-0.74,-8.36,-0.07,0.03,0.01
,,,,,,,,,,,,,,,,,,,,,,,,,,,,-5.9,-0.77,-8.34,-0.07,0.04,0.01
,,,,,,,,,,,,,,,,,,,,,,,,,,,,-5.94,-0.76,-8.32,-0.06,0.03,0.01
,,,,,,,,,,,,,,,,,,,,,,,,,,,,-5.86,-0.74,-8.34,-0.06,0.01,0.01
,,,,,,,,,,,,,,,,,,,,,,,,,,,,-5.9,-0.77,-8.39,-0.07,0.02,0
,,,,,,,,,,,,,,,,,,,,,,,,,,,,-5.93,-0.74,-8.37,-0.07,0.03,0
,,,,,,,,,,,,,,,,,,,,,,,,,,,,-5.88,-0.75,-8.34,-0.07,0.02,0.01
,,,,,,,,,,,,,,,,,,,,,,,,,,,,-5.9,-0.74,-8.37,-0.06,0.05,0.01
,,,,,,,,,,,,,,,,,,,,,,,,,,,,-5.94,-0.74,-8.34,-0.07,0.03,0.01
,,,,,,,,,,,,,,,,,,,,,,,,,,,,-5.9,-0.76,-8.35,-0.07,0.01,0.01
,,,,,,,,,,,,,,,,,,,,,,,,,,,,-5.9,-0.76,-8.32,-0.06,0.03,0.01
,,,,,,,,,,,,,,,,,,,,,,,,,,,,-5.93,-0.75,-8.37,-0.06,0.02,0.01
,,,,,,,,,,,,,,,,,,,,,,,,,,,,-5.88,-0.74,-8.34,-0.07,0.02,0.01
,,,,,,,,,,,,,,,,,,,,,,,,,,,,-5.9,-0.77,-8.39,-0.07,0.04,0
,,,,,,,,,,,,,,,,,,,,,,,,,,,,-5.94,-0.75,-8.35,-0.06,0.03,0.01
,,,,,,,,,,,,,,,,,,,,,,,,,,,,-5.9,-0.75,-8.36,-0.07,0.02,0.01
,,,,,,,,,,,,,,,,,,,,,,,,,,,,-5.9,-0.73,-8.33,-0.07,0.03,0.01
,,,,,,,,,,,,,,,,,,,,,,,,,,,,-5.93,-0.77,-8.36,-0.07,0.02,0.01
,,,,,,,,,,,,,,,,,,,,,,,,,,,,-5.91,-0.76,-8.47,-0.07,0.02,0.01
,,,,,,,,,,,,,,,,,,,,,,,,,,,,-5.82,-0.75,-8.26,-0.07,0.08,0.02
,,,,,,,,,,,,,,,,,,,,,,,,,,,,-6.02,-0.76,-8.21,-0.06,0.01,0
,,,,,,,,,,,,,,,,,,,,,,,,,,,,-5.9,-0.75,-8.33,-0.07,0.01,0.01
,,,,,,,,,,,,,,,,,,,,,,,,,,,,-5.89,-0.76,-8.41,-0.06,-0.01,0.01
,,,,,,,,,,,,,,,,,,,,,,,,,,,,-5.84,-0.73,-8.39,-0.06,0.02,0.01
,,,,,,,,,,,,,,,,,,,,,,,,,,,,-5.89,-0.76,-8.37,-0.08,0.03,0.01
,,,,,,,,,,,,,,,,,,,,,,,,,,,,-5.92,-0.76,-8.34,-0.07,0.05,0.01
,,,,,,,,,,,,,,,,,,,,,,,,,,,,-5.96,-0.76,-8.33,-0.06,0.03,0.01
,,,,,,,,,,,,,,,,,,,,,,,,,,,,-5.88,-0.73,-8.36,-0.06,0.03,0.01
,,,,,,,,,,,,,,,,,,,,,,,,,,,,-5.91,-0.74,-8.35,-0.07,0.02,0.01
,,,,,,,,,,,,,,,,,,,,,,,,,,,,-5.9,-0.74,-8.34,-0.07,0.01,0.01
,,,,,,,,,,,,,,,,,,,,,,,,,,,,-5.87,-0.74,-8.34,-0.07,0.01,0.01
,,,,,,,,,,,,,,,,,,,,,,,,,,,,-5.88,-0.76,-8.34,-0.07,0.04,0
,,,,,,,,,,,,,,,,,,,,,,,,,,,,-5.92,-0.75,-8.32,-0.06,0.03,0.01
,,,,,,,,,,,,,,,,,,,,,,,,,,,,-5.9,-0.74,-8.36,-0.07,0.03,0.01
,,,,,,,,,,,,,,,,,,,,,,,,,,,,-5.91,-0.74,-8.34,-0.06,0.03,0.01
,,,,,,,,,,,,,,,,,,,,,,,,,,,,-5.94,-0.75,-8.45,-0.07,0.03,0.01
,,,,,,,,,,,,,,,,,,,,,,,,,,,,-5.9,-0.74,-8.25,-0.07,0.06,0.01
,,,,,,,,,,,,,,,,,,,,,,,,,,,,-5.91,-0.76,-8.26,-0.07,0,0
,,,,,,,,,,,,,,,,,,,,,,,,,,,,-5.91,-0.76,-8.36,-0.07,0.02,0
,,,,,,,,,,,,,,,,,,,,,,,,,,,,-5.88,-0.77,-8.37,-0.06,0.01,0.01
,,,,,,,,,,,,,,,,,,,,,,,,,,,,-5.88,-0.74,-8.36,-0.07,0.05,0.01
,,,,,,,,,,,,,,,,,,,,,,,,,,,,-5.92,-0.75,-8.33,-0.07,0.03,0.01
,,,,,,,,,,,,,,,,,,,,,,,,,,,,-5.91,-0.76,-8.34,-0.07,0.03,0.01
,,,,,,,,,,,,,,,,,,,,,,,,,,,,-5.9,-0.78,-8.35,-0.06,0.02,0
,,,,,,,,,,,,,,,,,,,,,,,,,,,,-5.88,-0.74,-8.37,-0.06,0.02,0.01
,,,,,,,,,,,,,,,,,,,,,,,,,,,,-5.87,-0.74,-8.39,-0.07,0.02,0.01
,,,,,,,,,,,,,,,,,,,,,,,,,,,,-5.91,-0.76,-8.36,-0.07,0.03,0.01
,,,,,,,,,,,,,,,,,,,,,,,,,,,,-5.91,-0.76,-8.34,-0.07,0.03,0.01
,,,,,,,,,,,,,,,,,,,,,,,,,,,,-5.9,-0.76,-8.34,-0.06,0.03,0.01
,,,,,,,,,,,,,,,,,,,,,,,,,,,,-5.9,-0.78,-8.38,-0.06,0.03,0
,,,,,,,,,,,,,,,,,,,,,,,,,,,,-5.9,-0.75,-8.36,-0.07,0.02,0.01
,,,,,,,,,,,,,,,,,,,,,,,,,,,,-5.87,-0.74,-8.37,-0.07,0.02,0.01
,,,,,,,,,,,,,,,,,,,,,,,,,,,,-5.91,-0.76,-8.37,-0.07,0.03,0.01
,,,,,,,,,,,,,,,,,,,,,,,,,,,,-5.91,-0.74,-8.28,-0.07,0.03,0.01
,,,,,,,,,,,,,,,,,,,,,,,,,,,,-5.89,-0.74,-8.31,-0.07,0.02,0.01
,,,,,,,,,,,,,,,,,,,,,,,,,,,,-5.9,-0.74,-8.38,-0.06,0.03,0
,,,,,,,,,,,,,,,,,,,,,,,,,,,,-5.88,-0.76,-8.34,-0.07,0.03,0.01
,,,,,,,,,,,,,,,,,,,,,,,,,,,,-5.9,-0.75,-8.35,-0.07,0.02,0.01
,,,,,,,,,,,,,,,,,,,,,,,,,,,,-5.92,-0.74,-8.35,-0.07,0.03,0.01
,,,,,,,,,,,,,,,,,,,,,,,,,,,,-5.89,-0.74,-8.32,-0.07,0.02,0.01
,,,,,,,,,,,,,,,,,,,,,,,,,,,,-5.89,-0.73,-8.35,-0.07,0.03,0.01
,,,,,,,,,,,,,,,,,,,,,,,,,,,,-5.88,-0.77,-8.37,-0.07,0.03,0.01
,,,,,,,,,,,,,,,,,,,,,,,,,,,,-5.91,-0.75,-8.36,-0.07,0.03,0.01
,,,,,,,,,,,,,,,,,,,,,,,,,,,,-5.92,-0.77,-8.36,-0.07,0.03,0.01
,,,,,,,,,,,,,,,,,,,,,,,,,,,,-5.9,-0.77,-8.36,-0.07,0.03,0.01
,,,,,,,,,,,,,,,,,,,,,,,,,,,,-5.91,-0.75,-8.37,-0.06,0.02,0.01
,,,,,,,,,,,,,,,,,,,,,,,,,,,,-5.89,-0.75,-8.35,-0.06,0.03,0.01
,,,,,,,,,,,,,,,,,,,,,,,,,,,,-5.89,-0.74,-8.34,-0.07,0.03,0.01
,,,,,,,,,,,,,,,,,,,,,,,,,,,,-5.9,-0.74,-8.36,-0.07,0.03,0.01
,,,,,,,,,,,,,,,,,,,,,,,,,,,,-5.9,-0.76,-8.33,-0.07,0.02,0.01
,,,,,,,,,,,,,,,,,,,,,,,,,,,,-5.9,-0.75,-8.33,-0.06,0.03,0.01
,,,,,,,,,,,,,,,,,,,,,,,,,,,,-5.89,-0.76,-8.35,-0.07,0.02,0.01
,,,,,,,,,,,,,,,,,,,,,,,,,,,,-5.9,-0.76,-8.38,-0.07,0.03,0.01
,,,,,,,,,,,,,,,,,,,,,,,,,,,,-5.9,-0.75,-8.35,-0.07,0.03,0.01
,,,,,,,,,,,,,,,,,,,,,,,,,,,,-5.91,-0.75,-8.34,-0.07,0.02,0.01
,,,,,,,,,,,,,,,,,,,,,,,,,,,,-5.9,-0.77,-8.33,-0.07,0.03,0.01
,,,,,,,,,,,,,,,,,,,,,,,,,,,,-5.9,-0.74,-8.38,-0.07,0.03,0.01
,,,,,,,,,,,,,,,,,,,,,,,,,,,,-5.89,-0.74,-8.36,-0.07,0.02,0.01
,,,,,,,,,,,,,,,,,,,,,,,,,,,,-5.89,-0.75,-8.37,-0.07,0.03,0.01
,,,,,,,,,,,,,,,,,,,,,,,,,,,,-5.9,-0.74,-8.34,-0.07,0.03,0.01
,,,,,,,,,,,,,,,,,,,,,,,,,,,,-5.9,-0.74,-8.33,-0.06,0.02,0.01
,,,,,,,,,,,,,,,,,,,,,,,,,,,,-5.88,-0.76,-8.36,-0.07,0.03,0.01
,,,,,,,,,,,,,,,,,,,,,,,,,,,,-5.9,-0.74,-8.36,-0.07,0.03,0.01
,,,,,,,,,,,,,,,,,,,,,,,,,,,,-5.9,-0.75,-8.34,-0.07,0.03,0.01
,,,,,,,,,,,,,,,,,,,,,,,,,,,,-5.89,-0.74,-8.35,-0.07,0.03,0.01
,,,,,,,,,,,,,,,,,,,,,,,,,,,,-5.91,-0.78,-8.36,-0.07,0.03,0.01
,,,,,,,,,,,,,,,,,,,,,,,,,,,,-5.92,-0.75,-8.36,-0.07,0.03,0.01
,,,,,,,,,,,,,,,,,,,,,,,,,,,,-5.9,-0.75,-8.35,-0.07,0.03,0.01
,,,,,,,,,,,,,,,,,,,,,,,,,,,,-5.91,-0.75,-8.34,-0.07,0.03,0.01
,,,,,,,,,,,,,,,,,,,,,,,,,,,,-5.89,-0.76,-8.36,-0.07,0.03,0.01
,,,,,,,,,,,,,,,,,,,,,,,,,,,,-5.89,-0.74,-8.37,-0.06,0.03,0.01
,,,,,,,,,,,,,,,,,,,,,,,,,,,,-5.9,-0.72,-8.37,-0.07,0.03,0.01
,,,,,,,,,,,,,,,,,,,,,,,,,,,,-5.91,-0.75,-8.34,-0.07,0.03,0.01
,,,,,,,,,,,,,,,,,,,,,,,,,,,,-5.91,-0.74,-8.37,-0.07,0.03,0.01
,,,,,,,,,,,,,,,,,,,,,,,,,,,,-5.91,-0.74,-8.36,-0.07,0.03,0.01
,,,,,,,,,,,,,,,,,,,,,,,,,,,,-5.92,-0.74,-8.34,-0.07,0.03,0.01